21498,0,0,0
21498.1,0,0,0
21498.2,0,0,0
21498.3,0,0,0
21498.4,0,0,0
21498.5,0,0,0
21498.6,0,0,0
21498.7,0,0,0
21498.8,0,0,0
21498.9,0,0,0
21499,0,0,0
21499.1,0,0,0
21499.2,0,0,0
21499.3,0,0,0
21499.4,0,0,0
21499.5,0,0,0
21499.6,0,0,0
21499.7,0,0,0
21499.8,0,0,0
21499.9,0,0,0
21500,0,0,0
21500.1,0,0,0
21500.2,0,0,0
21500.3,0,0,0
21500.4,0,0,0
21500.5,0,0,0
21500.6,0,0,0
21500.7,0,0,0
21500.8,0,0,0
21500.9,0,0,0
21501,0,0,0
21501.1,0,0,0
21501.2,0,0,0
21501.3,0,0,0
21501.4,0,0,0
21501.5,0,0,0
21501.6,0,0,0
21501.7,0,0,0
21501.8,0,0,0
21501.9,0,0,0
21502,0,0,0
21502.1,0,0,0
21502.2,0,0,0
21502.3,0,0,0
21502.4,0,0,0
21502.5,0,0,0
21502.6,0,0,0
21502.7,0,0,0
21502.8,0,0,0
21502.9,0,0,0
21503,0,0,0
21503.1,0,0,0
21503.2,0,0,0
21503.3,0,0,0
21503.4,0,0,0
21503.5,0,0,0
21503.6,0,0,0
21503.7,0,0,0
21503.8,0,0,0
21503.9,0,0,0
21504,0,0,0
21504.1,0,0,0
21504.2,0,0,0
21504.3,0,0,0
21504.4,0,0,0
21504.5,0,0,0
21504.6,0,0,0
21504.7,0,0,0
21504.8,0,0,0
21504.9,0,0,0
21505,0,0,0
21505.1,0,0,0
21505.2,0,0,0
21505.3,0,0,0
21505.4,0,0,0
21505.5,0,0,0
21505.6,0,0,0
21505.7,0,0,0
21505.8,0,0,0
21505.9,0,0,0
21506,0,0,0
21506.1,0,0,0
21506.2,0,0,0
21506.3,0,0,0
21506.4,0,0,0
21506.5,0,0,0
21506.6,0,0,0
21506.7,0,0,0
21506.8,0,0,0
21506.9,0,0,0
21507,0,0,0
21507.1,0,0,0
21507.2,0,0,0
21507.3,0,0,0
21507.4,0,0,0
21507.5,0,0,0
21507.6,0,0,0
21507.7,0,0,0
21507.8,0,0,0
21507.9,0,0,0
21508,0,0,0
21508.1,0,0,0
21508.2,0,0,0
21508.3,0,0,0
21508.4,0,0,0
21508.5,0,0,0
21508.6,0,0,0
21508.7,0,0,0
21508.8,0,0,0
21508.9,0,0,0
21509,0,0,0
21509.1,0,0,0
21509.2,0,0,0
21509.3,0,0,0
21509.4,0,0,0
21509.5,0,0,0
21509.6,0,0,0
21509.7,0,0,0
21509.8,0,0,0
21509.9,0,0,0
21510,0,0,0
21510.1,0,0,0
21510.2,0,0,0
21510.3,0,0,0
21510.4,0,0,0
21510.5,0,0,0
21510.6,0,0,0
21510.7,0,0,0
21510.8,0,0,0
21510.9,0,0,0
21511,0,0,0
21511.1,0,0,0
21511.2,0,0,0
21511.3,0,0,0
21511.4,0,0,0
21511.5,0,0,0
21511.6,0,0,0
21511.8,0,0,0
21511.8,0,0,0
21512,0,0,0
21512.1,0,0,0
21512.2,0,0,0
21512.2,0,0,0
21512.4,0,0,0
21512.5,0,0,0
21512.6,0,0,0
21512.7,0,0,0
21512.8,0,0,0
21512.9,0,0,0
21513,0,0,0
21513.1,0,0,0
21513.2,0,0,0
21513.2,0,0,0
21513.4,0,0,0
21513.5,0,0,0
21513.6,0,0,0
21513.7,0,0,0
21513.8,0,0,0
21513.9,0,0,0
21514,0,0,0
21514.1,0,0,0
21514.2,0,0,0
21514.3,0,0,0
21514.4,0,0,0
21514.5,0,0,0
21514.6,0,0,0
21514.7,0,0,0
21514.8,0,0,0
21514.9,0,0,0
21515,0,0,0
21515.1,0,0,0
21515.2,0,0,0
21515.3,0,0,0
21515.4,0,0,0
21515.5,0,0,0
21515.6,0,0,0
21515.7,0,0,0
21515.8,0,0,0
21515.9,0,0,0
21516,0,0,0
21516.1,0,0,0
21516.2,0,0,0
21516.3,0,0,0
21516.4,0,0,0
21516.5,0,0,0
21516.6,0,0,0
21516.7,0,0,0
21516.8,0,0,0
21516.9,0,0,0
21517,0,0,0
21517.1,0,0,0
21517.2,0,0,0
21517.3,0,0,0
21517.4,0,0,0
21517.5,0,0,0
21517.6,0,0,0
21517.7,0,0,0
21517.8,0,0,0
21517.9,0,0,0
21518,0,0,0
21518.1,0,0,0
21518.2,0,0,0
21518.3,0,0,0
21518.4,0,0,0
21518.5,0,0,0
21518.6,0,0,0
21518.7,0,0,0
21518.8,0,0,0
21518.9,0,0,0
21519,0,0,0
21519.1,0,0,0
21519.2,0,0,0
21519.3,0,0,0
21519.4,0,0,0
21519.5,0,0,0
21519.6,0,0,0
21519.7,0,0,0
21519.8,0,0,0
21519.9,0,0,0
21520,0,0,0
21520.1,0,0,0
21520.2,0,0,0
21520.3,0,0,0
21520.4,0,0,0
21520.5,0,0,0
21520.6,0,0,0
21520.7,0,0,0
21520.8,0,0,0
21520.9,0,0,0
21521,0,0,0
21521.1,0,0,0
21521.2,0,0,0
21521.3,0,0,0
21521.4,0,0,0
21521.5,0,0,0
21521.6,0,0,0
21521.7,0,0,0
21521.8,0,0,0
21521.9,0,0,0
21522,0,0,0
21522.1,0,0,0
21522.2,0,0,0
21522.3,0,0,0
21522.4,0,0,0
21522.5,0,0,0
21522.6,0,0,0
21522.7,0,0,0
21522.8,0,0,0
21522.9,0,0,0
21523,0,0,0
21523.1,0,0,0
21523.2,0,0,0
21523.3,0,0,0
21523.4,0,0,0
21523.5,0,0,0
21523.6,0,0,0
21523.7,0,0,0
21523.8,0,0,0
21523.9,0,0,0
21524,0,0,0
21524.1,0,0,0
21524.2,0,0,0
21524.3,0,0,0
21524.4,0,0,0
21524.5,0,0,0
21524.6,0,0,0
21524.7,0,0,0
21524.8,0,0,0
21524.9,0,0,0
21525,0,0,0
21525.1,0,0,0
21525.2,0,0,0
21525.3,0,0,0
21525.4,0,0,0
21525.5,0,0,0
21525.6,0,0,0
21525.7,0,0,0
21525.8,0,0,0
21525.9,0,0,0
21526,0,0,0
21526.1,0,0,0
21526.2,0,0,0
21526.3,0,0,0
21526.4,0,0,0
21526.5,0,0,0
21526.6,0,0,0
21526.7,0,0,0
21526.8,0,0,0
21526.9,0,0,0
21527,0,0,0
21527.1,0,0,0
21527.2,0,0,0
21527.3,0,0,0
21527.4,0,0,0
21527.5,0,0,0
21527.6,0,0,0
21527.7,0,0,0
21527.8,0,0,0
21527.9,0,0,0
21528,0,0,0
21528.1,0,0,0
21528.2,0,0,0
21528.3,0,0,0
21528.4,0,0,0
21528.5,0,0,0
21528.6,0,0,0
21528.7,0,0,0
21528.8,0,0,0
21528.9,0,0,0
21529,0,0,0
21529.1,0,0,0
21529.2,0,0,0
21529.3,0,0,0
21529.4,0,0,0
21529.5,0,0,0
21529.6,0,0,0
21529.7,0,0,0
21529.8,0,0,0
21529.9,0,0,0
21530,0,0,0
21530.1,0,0,0
21530.2,0,0,0
21530.3,0,0,0
21530.4,0,0,0
21530.5,0,0,0
21530.6,0,0,0
21530.7,0,0,0
21530.8,0,0,0
21530.9,0,0,0
21531,0,0,0
21531.1,0,0,0
21531.2,0,0,0
21531.3,0,0,0
21531.4,0,0,0
21531.5,0,0,0
21531.6,0,0,0
21531.7,0,0,0
21531.8,0,0,0
21531.9,0,0,0
21532,0,0,0
21532.1,0,0,0
21532.2,0,0,0
21532.3,0,0,0
21532.4,0,0,0
21532.5,0,0,0
21532.6,0,0,0
21532.7,0,0,0
21532.8,0,0,0
21532.9,0,0,0
21533,0,0,0
21533.1,0,0,0
21533.2,0,0,0
21533.3,0,0,0
21533.4,0,0,0
21533.5,0,0,0
21533.6,0,0,0
21533.7,0,0,0
21533.8,0,0,0
21533.9,0,0,0
21534,0,0,0
21534.1,0,0,0
21534.2,0,0,0
21534.3,0,0,0
21534.4,0,0,0
21534.5,0,0,0
21534.6,0,0,0
21534.7,0,0,0
21534.8,0,0,0
21534.9,0,0,0
21535,0,0,0
21535.1,0,0,0
21535.2,0,0,0
21535.3,0,0,0
21535.4,0,0,0
21535.5,0,0,0
21535.6,0,0,0
21535.7,0,0,0
21535.8,0,0,0
21535.9,0,0,0
21536,0,0,0
21536.1,0,0,0
21536.2,0,0,0
21536.3,0,0,0
21536.4,0,0,0
21536.5,0,0,0
21536.6,0,0,0
21536.7,0,0,0
21536.8,0,0,0
21536.9,0,0,0
21537,0,0,0
21537.1,0,0,0
21537.2,0,0,0
21537.3,0,0,0
21537.4,0,0,0
21537.5,0,0,0
21537.6,0,0,0
21537.7,0,0,0
21537.8,0,0,0
21537.9,0,0,0
21538,0,0,0
21538.1,0,0,0
21538.2,0,0,0
21538.3,0,0,0
21538.4,0,0,0
21538.5,0,0,0
21538.6,0,0,0
21538.7,0,0,0
21538.8,0,0,0
21538.9,0,0,0
21539,0,0,0
21539.1,0,0,0
21539.2,0,0,0
21539.3,0,0,0
21539.4,0,0,0
21539.5,0,0,0
21539.6,0,0,0
21539.7,0,0,0
21539.8,0,0,0
21539.9,0,0,0
21540,0,0,0
21540.1,0,0,0
21540.2,0,0,0
21540.3,0,0,0
21540.4,0,0,0
21540.5,0,0,0
21540.6,0,0,0
21540.7,0,0,0
21540.8,0,0,0
21540.9,0,0,0
21541,0,0,0
21541.1,0,0,0
21541.2,0,0,0
21541.3,0,0,0
21541.4,0,0,0
21541.5,0,0,0
21541.6,0,0,0
21541.7,0,0,0
21541.8,0,0,0
21541.9,0,0,0
21542,0,0,0
21542.1,0,0,0
21542.2,0,0,0
21542.3,0,0,0
21542.4,0,0,0
21542.5,0,0,0
21542.6,0,0,0
21542.7,0,0,0
21542.8,0,0,0
21542.9,0,0,0
21543,0,0,0
21543.1,0,0,0
21543.2,0,0,0
21543.3,0,0,0
21543.4,0,0,0
21543.5,0,0,0
21543.6,0,0,0
21543.7,0,0,0
21543.8,0,0,0
21543.9,0,0,0
21544,0,0,0
21544.1,0,0,0
21544.2,0,0,0
21544.3,0,0,0
21544.4,0,0,0
21544.5,0,0,0
21544.6,0,0,0
21544.7,0,0,0
21544.8,0,0,0
21544.9,0,0,0
21545,0,0,0
21545.1,0,0,0
21545.2,0,0,0
21545.3,0,0,0
21545.4,0,0,0
21545.5,0,0,0
21545.6,0,0,0
21545.7,0,0,0
21545.8,0,0,0
21545.9,0,0,0
21546,0,0,0
21546.1,0,0,0
21546.2,0,0,0
21546.3,0,0,0
21546.4,0,0,0
21546.5,0,0,0
21546.6,0,0,0
21546.7,0,0,0
21546.8,0,0,0
21546.9,0,0,0
21547,0,0,0
21547.1,0,0,0
21547.2,0,0,0
21547.3,0,0,0
21547.4,0,0,0
21547.5,0,0,0
21547.6,0,0,0
21547.7,0,0,0
21547.8,0,0,0
21547.9,0,0,0
21548,0,0,0
21548.1,0,0,0
21548.2,0,0,0
21548.3,0,0,0
21548.4,0,0,0
21548.5,0,0,0
21548.6,0,0,0
21548.7,0,0,0
21548.8,0,0,0
21548.9,0,0,0
21549,0,0,0
21549.1,0,0,0
21549.2,0,0,0
21549.3,0,0,0
21549.4,0,0,0
21549.5,0,0,0
21549.6,0,0,0
21549.7,0,0,0
21549.8,0,0,0
21549.9,0,0,0
21550,0,0,0
21550.1,0,0,0
21550.2,0,0,0
21550.3,0,0,0
21550.4,0,0,0
21550.5,0,0,0
21550.6,0,0,0
21550.7,0,0,0
21550.8,0,0,0
21550.9,0,0,0
21551,0,0,0
21551.1,0,0,0
21551.2,0,0,0
21551.3,0,0,0
21551.4,0,0,0
21551.5,0,0,0
21551.6,0,0,0
21551.7,0,0,0
21551.8,0,0,0
21551.9,0,0,0
21552,0,0,0
21552.1,0,0,0
21552.2,0,0,0
21552.3,0,0,0
21552.4,0,0,0
21552.5,0,0,0
21552.6,0,0,0
21552.7,0,0,0
21552.8,0,0,0
21552.9,0,0,0
21553,0,0,0
21553.1,0,0,0
21553.2,0,0,0
21553.3,0,0,0
21553.4,0,0,0
21553.5,0,0,0
21553.6,0,0,0
21553.7,0,0,0
21553.8,0,0,0
21553.9,0,0,0
21554,0,0,0
21554.1,0,0,0
21554.2,0,0,0
21554.3,0,0,0
21554.4,0,0,0
21554.5,0,0,0
21554.6,0,0,0
21554.7,0,0,0
21554.8,0,0,0
21554.9,0,0,0
21555,0,0,0
21555.1,0,0,0
21555.2,0,0,0
21555.3,0,0,0
21555.4,0,0,0
21555.5,0,0,0
21555.6,0,0,0
21555.7,0,0,0
21555.8,0,0,0
21555.9,0,0,0
21556,0,0,0
21556.1,0,0,0
21556.2,0,0,0
21556.3,0,0,0
21556.4,0,0,0
21556.5,0,0,0
21556.6,0,0,0
21556.7,0,0,0
21556.8,0,0,0
21556.9,0,0,0
21557,0,0,0
21557.1,0,0,0
21557.2,0,0,0
21557.3,0,0,0
21557.4,0,0,0
21557.5,0,0,0
21557.6,0,0,0
21557.7,0,0,0
21557.8,0,0,0
21557.9,0,0,0
21558,0,0,0
21558.1,0,0,0
21558.2,0,0,0
21558.3,0,0,0
21558.4,0,0,0
21558.5,0,0,0
21558.6,0,0,0
21558.7,0,0,0
21558.8,0,0,0
21558.9,0,0,0
21559,0,0,0
21559.1,0,0,0
21559.2,0,0,0
21559.3,0,0,0
21559.4,0,0,0
21559.5,0,0,0
21559.6,0,0,0
21559.7,0,0,0
21559.8,0,0,0
21559.9,0,0,0
21560,0,0,0
21560.1,0,0,0
21560.2,0,0,0
21560.3,0,0,0
21560.4,0,0,0
21560.5,0,0,0
21560.6,0,0,0
21560.7,0,0,0
21560.8,0,0,0
21560.9,0,0,0
21561,0,0,0
21561.1,0,0,0
21561.2,0,0,0
21561.3,0,0,0
21561.4,0,0,0
21561.5,0,0,0
21561.6,0,0,0
21561.7,0,0,0
21561.8,0,0,0
21561.9,0,0,0
21562,0,0,0
21562.1,0,0,0
21562.2,0,0,0
21562.3,0,0,0
21562.4,0,0,0
21562.5,0,0,0
21562.6,0,0,0
21562.7,0,0,0
21562.8,0,0,0
21562.9,0,0,0
21563,0,0,0
21563.1,0,0,0
21563.2,0,0,0
21563.3,0,0,0
21563.4,0,0,0
21563.5,0,0,0
21563.6,0,0,0
21563.7,0,0,0
21563.8,0,0,0
21563.9,0,0,0
21564,0,0,0
21564.1,0,0,0
21564.2,0,0,0
21564.3,0,0,0
21564.4,0,0,0
21564.5,0,0,0
21564.6,0,0,0
21564.7,0,0,0
21564.8,0,0,0
21564.9,0,0,0
21565,0,0,0
21565.1,0,0,0
21565.2,0,0,0
21565.3,0,0,0
21565.4,0,0,0
21565.5,0,0,0
21565.6,0,0,0
21565.7,0,0,0
21565.8,0,0,0
21565.9,0,0,0
21566,0,0,0
21566.1,0,0,0
21566.2,0,0,0
21566.3,0,0,0
21566.4,0,0,0
21566.5,0,0,0
21566.6,0,0,0
21566.7,0,0,0
21566.8,0,0,0
21566.9,0,0,0
21567,0,0,0
21567.1,0,0,0
21567.2,0,0,0
21567.3,0,0,0
21567.4,0,0,0
21567.5,0,0,0
21567.6,0,0,0
21567.7,0,0,0
21567.8,0,0,0
21567.9,0,0,0
21568,0,0,0
21568.1,0,0,0
21568.2,0,0,0
21568.3,0,0,0
21568.4,0,0,0
21568.5,0,0,0
21568.6,0,0,0
21568.7,0,0,0
21568.8,0,0,0
21568.9,0,0,0
21569,0,0,0
21569.1,0,0,0
21569.2,0,0,0
21569.3,0,0,0
21569.4,0,0,0
21569.5,0,0,0
21569.6,0,0,0
21569.7,0,0,0
21569.8,0,0,0
21569.9,0,0,0
21570,0,0,0
21570.1,0,0,0
21570.2,0,0,0
21570.3,0,0,0
21570.4,0,0,0
21570.5,0,0,0
21570.6,0,0,0
21570.7,0,0,0
21570.8,0,0,0
21570.9,0,0,0
21571,0,0,0
21571.1,0,0,0
21571.2,0,0,0
21571.3,0,0,0
21571.4,0,0,0
21571.5,0,0,0
21571.6,0,0,0
21571.7,0,0,0
21571.8,0,0,0
21571.9,0,0,0
21572,0,0,0
21572.1,0,0,0
21572.2,0,0,0
21572.3,0,0,0
21572.4,0,0,0
21572.5,0,0,0
21572.6,0,0,0
21572.7,0,0,0
21572.8,0,0,0
21572.9,0,0,0
21573,0,0,0
21573.1,0,0,0
21573.2,0,0,0
21573.3,0,0,0
21573.4,0,0,0
21573.5,0,0,0
21573.6,0,0,0
21573.7,0,0,0
21573.8,0,0,0
21573.9,0,0,0
21574,0,0,0
21574.1,0,0,0
21574.2,0,0,0
21574.3,0,0,0
21574.4,0,0,0
21574.5,0,0,0
21574.6,0,0,0
21574.7,0,0,0
21574.8,0,0,0
21574.9,0,0,0
21575,0,0,0
21575.1,0,0,0
21575.2,0,0,0
21575.3,0,0,0
21575.4,0,0,0
21575.5,0,0,0
21575.6,0,0,0
21575.7,0,0,0
21575.8,0,0,0
21575.9,0,0,0
21576,0,0,0
21576.1,0,0,0
21576.2,0,0,0
21576.3,0,0,0
21576.4,0,0,0
21576.5,0,0,0
21576.6,0,0,0
21576.7,0,0,0
21576.8,0,0,0
21576.9,0,0,0
21577,0,0,0
21577.1,0,0,0
21577.2,0,0,0
21577.3,0,0,0
21577.4,0,0,0
21577.5,0,0,0
21577.6,0,0,0
21577.7,0,0,0
21577.8,0,0,0
21577.9,0,0,0
21578,0,0,0
21578.1,0,0,0
21578.2,0,0,0
21578.3,0,0,0
21578.4,0,0,0
21578.5,0,0,0
21578.6,0,0,0
21578.7,0,0,0
21578.8,0,0,0
21578.9,0,0,0
21579,0,0,0
21579.1,0,0,0
21579.2,0,0,0
21579.3,0,0,0
21579.4,0,0,0
21579.5,0,0,0
21579.6,0,0,0
21579.7,0,0,0
21579.8,0,0,0
21579.9,0,0,0
21580,0,0,0
21580.1,0,0,0
21580.2,0,0,0
21580.3,0,0,0
21580.4,0,0,0
21580.5,0,0,0
21580.6,0,0,0
21580.7,0,0,0
21580.8,0,0,0
21580.9,0,0,0
21581,0,0,0
21581.1,0,0,0
21581.2,0,0,0
21581.3,0,0,0
21581.4,0,0,0
21581.5,0,0,0
21581.6,0,0,0
21581.7,0,0,0
21581.8,0,0,0
21581.9,0,0,0
21582,0,0,0
21582.1,0,0,0
21582.2,0,0,0
21582.3,0,0,0
21582.4,0,0,0
21582.5,0,0,0
21582.6,0,0,0
21582.7,0,0,0
21582.8,0,0,0
21582.9,0,0,0
21583,0,0,0
21583.1,0,0,0
21583.2,0,0,0
21583.3,0,0,0
21583.4,0,0,0
21583.5,0,0,0
21583.6,0,0,0
21583.7,0,0,0
21583.8,0,0,0
21583.9,0,0,0
21584,0,0,0
21584.1,0,0,0
21584.2,0,0,0
21584.3,0,0,0
21584.4,0,0,0
21584.5,0,0,0
21584.6,0,0,0
21584.7,0,0,0
21584.8,0,0,0
21584.9,0,0,0
21585,0,0,0
21585.1,0,0,0
21585.2,0,0,0
21585.3,0,0,0
21585.4,0,0,0
21585.5,0,0,0
21585.6,0,0,0
21585.7,0,0,0
21585.8,0,0,0
21585.9,0,0,0
21586,0,0,0
21586.1,0,0,0
21586.2,0,0,0
21586.3,0,0,0
21586.4,0,0,0
21586.5,0,0,0
21586.6,0,0,0
21586.7,0,0,0
21586.8,0,0,0
21586.9,0,0,0
21587,0,0,0
21587.1,0,0,0
21587.2,0,0,0
21587.3,0,0,0
21587.4,0,0,0
21587.5,0,0,0
21587.6,0,0,0
21587.7,0,0,0
21587.8,0,0,0
21587.9,0,0,0
21588,0,0,0
21588.1,0,0,0
21588.2,0,0,0
21588.3,0,0,0
21588.4,0,0,0
21588.5,0,0,0
21588.6,0,0,0
21588.7,0,0,0
21588.8,0,0,0
21588.9,0,0,0
21589,0,0,0
21589.1,0,0,0
21589.2,0,0,0
21589.3,0,0,0
21589.4,0,0,0
21589.5,0,0,0
21589.6,0,0,0
21589.7,0,0,0
21589.8,0,0,0
21589.9,0,0,0
21590,0,0,0
21590.1,0,0,0
21590.2,0,0,0
21590.3,0,0,0
21590.4,0,0,0
21590.5,0,0,0
21590.6,0,0,0
21590.7,0,0,0
21590.8,0,0,0
21590.9,0,0,0
21591,0,0,0
21591.1,0,0,0
21591.2,0,0,0
21591.3,0,0,0
21591.4,0,0,0
21591.5,0,0,0
21591.6,0,0,0
21591.7,0,0,0
21591.8,0,0,0
21591.9,0,0,0
21592,0,0,0
21592.1,0,0,0
21592.2,0,0,0
21592.3,0,0,0
21592.4,0,0,0
21592.5,0,0,0
21592.6,0,0,0
21592.7,0,0,0
21592.8,0,0,0
21592.9,0,0,0
21593,0,0,0
21593.1,0,0,0
21593.2,0,0,0
21593.3,0,0,0
21593.4,0,0,0
21593.5,0,0,0
21593.6,0,0,0
21593.7,0,0,0
21593.8,0,0,0
21593.9,0,0,0
21594,0,0,0
21594.1,0,0,0
21594.2,0,0,0
21594.3,0,0,0
21594.4,0,0,0
21594.5,0,0,0
21594.6,0,0,0
21594.7,0,0,0
21594.8,0,0,0
21594.9,0,0,0
21595,0,0,0
21595.1,0,0,0
21595.2,0,0,0
21595.3,0,0,0
21595.4,0,0,0
21595.5,0,0,0
21595.6,0,0,0
21595.7,0,0,0
21595.8,0,0,0
21595.9,0,0,0
21596,0,0,0
21596.1,0,0,0
21596.2,0,0,0
21596.3,0,0,0
21596.4,0,0,0
21596.5,0,0,0
21596.6,0,0,0
21596.7,0,0,0
21596.8,0,0,0
21596.9,0,0,0
21597,0,0,0
21597.1,0,0,0
21597.2,0,0,0
21597.3,0,0,0
21597.4,0,0,0
21597.5,0,0,0
21597.6,0,0,0
21597.7,0,0,0
21597.8,0,0,0
21597.9,0,0,0
21598,0,0,0
21598.1,0,0,0
21598.2,0,0,0
21598.3,0,0,0
21598.4,0,0,0
21598.5,0,0,0
21598.6,0,0,0
21598.7,0,0,0
21598.8,0,0,0
21598.9,0,0,0
21599,0,0,0
21599.1,0,0,0
21599.2,0,0,0
21599.3,0,0,0
21599.4,0,0,0
21599.5,0,0,0
21599.6,0,0,0
21599.7,0,0,0
21599.8,0,0,0
21599.9,0,0,0
21600,0,0,0
21600.1,0,0,0
21600.2,0,0,0
21600.3,0,0,0
21600.4,0,0,0
21600.5,0,0,0
21600.6,0,0,0
21600.7,0,0,0
21600.8,0,0,0
21600.9,0,0,0
21601,0,0,0
21601.1,0,0,0
21601.2,0,0,0
21601.3,0,0,0
21601.4,0,0,0
21601.5,0,0,0
21601.6,0,0,0
21601.7,0,0,0
21601.8,0,0,0
21601.9,0,0,0
21602,0,0,0
21602.1,0,0,0
21602.2,0,0,0
21602.3,0,0,0
21602.4,0,0,0
21602.5,0,0,0
21602.6,0,0,0
21602.7,0,0,0
21602.8,0,0,0
21602.9,0,0,0
21603,0,0,0
21603.1,0,0,0
21603.2,0,0,0
21603.3,0,0,0
21603.4,0,0,0
21603.5,0,0,0
21603.6,0,0,0
21603.7,0,0,0
21603.8,0,0,0
21603.9,0,0,0
21604,0,0,0
21604.1,0,0,0
21604.2,0,0,0
21604.3,0,0,0
21604.4,0,0,0
21604.5,0,0,0
21604.6,0,0,0
21604.7,0,0,0
21604.8,0,0,0
21604.9,0,0,0
21605,0,0,0
21605.1,0,0,0
21605.2,0,0,0
21605.3,0,0,0
21605.4,0,0,0
21605.5,0,0,0
21605.6,0,0,0
21605.7,0,0,0
21605.8,0,0,0
21605.9,0,0,0
21606,0,0,0
21606.1,0,0,0
21606.2,0,0,0
21606.3,0,0,0
21606.4,0,0,0
21606.5,0,0,0
21606.6,0,0,0
21606.7,0,0,0
21606.8,0,0,0
21606.9,0,0,0
21607,0,0,0
21607.1,0,0,0
21607.2,0,0,0
21607.3,0,0,0
21607.4,0,0,0
21607.5,0,0,0
21607.6,0,0,0
21607.7,0,0,0
21607.8,0,0,0
21607.9,0,0,0
21608,0,0,0
21608.1,0,0,0
21608.2,0,0,0
21608.3,0,0,0
21608.4,0,0,0
21608.5,0,0,0
21608.6,0,0,0
21608.7,0,0,0
21608.8,0,0,0
21608.9,0,0,0
21609,0,0,0
21609.1,0,0,0
21609.2,0,0,0
21609.3,0,0,0
21609.4,0,0,0
21609.5,0,0,0
21609.6,0,0,0
21609.7,0,0,0
21609.8,0,0,0
21609.9,0,0,0
21610,0,0,0
21610.1,0,0,0
21610.2,0,0,0
21610.3,0,0,0
21610.4,0,0,0
21610.5,0,0,0
21610.6,0,0,0
21610.7,0,0,0
21610.8,0,0,0
21610.9,0,0,0
21611,0,0,0
21611.1,0,0,0
21611.2,0,0,0
21611.3,0,0,0
21611.4,0,0,0
21611.5,0,0,0
21611.6,0,0,0
21611.7,0,0,0
21611.8,0,0,0
21611.9,0,0,0
21612,0,0,0
21612.1,0,0,0
21612.2,0,0,0
21612.3,0,0,0
21612.4,0,0,0
21612.5,0,0,0
21612.6,0,0,0
21612.7,0,0,0
21612.8,0,0,0
21612.9,0,0,0
21613,0,0,0
21613.1,0,0,0
21613.2,0,0,0
21613.3,0,0,0
21613.4,0,0,0
21613.5,0,0,0
21613.6,0,0,0
21613.7,0,0,0
21613.8,0,0,0
21613.9,0,0,0
21614,0,0,0
21614.1,0,0,0
21614.2,0,0,0
21614.3,0,0,0
21614.4,0,0,0
21614.5,0,0,0
21614.6,0,0,0
21614.7,0,0,0
21614.8,0,0,0
21614.9,0,0,0
21615,0,0,0
21615.1,0,0,0
21615.2,0,0,0
21615.3,0,0,0
21615.4,0,0,0
21615.5,0,0,0
21615.6,0,0,0
21615.7,0,0,0
21615.8,0,0,0
21615.9,0,0,0
21616,0,0,0
21616.1,0,0,0
21616.2,0,0,0
21616.3,0,0,0
21616.4,0,0,0
21616.5,0,0,0
21616.6,0,0,0
21616.7,0,0,0
21616.8,0,0,0
21616.9,0,0,0
21617,0,0,0
21617.1,0,0,0
21617.2,0,0,0
21617.3,0,0,0
21617.4,0,0,0
21617.5,0,0,0
21617.6,0,0,0
21617.7,0,0,0
21617.8,0,0,0
21617.9,0,0,0
21618,0,0,0
21618.1,0,0,0
21618.2,0,0,0
21618.3,0,0,0
21618.4,0,0,0
21618.5,0,0,0
21618.6,0,0,0
21618.7,0,0,0
21618.8,0,0,0
21618.9,0,0,0
21619,0,0,0
21619.1,0,0,0
21619.2,0,0,0
21619.3,0,0,0
21619.4,0,0,0
21619.5,0,0,0
21619.6,0,0,0
21619.7,0,0,0
21619.8,0,0,0
21619.9,0,0,0
21620,0,0,0
21620.1,0,0,0
21620.2,0,0,0
21620.3,0,0,0
21620.4,0,0,0
21620.5,0,0,0
21620.6,0,0,0
21620.7,0,0,0
21620.8,0,0,0
21620.9,0,0,0
21621,0,0,0
21621.1,0,0,0
21621.2,0,0,0
21621.3,0,0,0
21621.4,0,0,0
21621.5,0,0,0
21621.6,0,0,0
21621.7,0,0,0
21621.8,0,0,0
21621.9,0,0,0
21622,0,0,0
21622.1,0,0,0
21622.2,0,0,0
21622.3,0,0,0
21622.4,0,0,0
21622.5,0,0,0
21622.6,0,0,0
21622.7,0,0,0
21622.8,0,0,0
21622.9,0,0,0
21623,0,0,0
21623.1,0,0,0
21623.2,0,0,0
21623.3,0,0,0
21623.4,0,0,0
21623.5,0,0,0
21623.6,0,0,0
21623.7,0,0,0
21623.8,0,0,0
21623.9,0,0,0
21624,0,0,0
21624.1,0,0,0
21624.2,0,0,0
21624.3,0,0,0
21624.4,0,0,0
21624.5,0,0,0
21624.6,0,0,0
21624.7,0,0,0
21624.8,0,0,0
21624.9,0,0,0
21625,0,0,0
21625.1,0,0,0
21625.2,0,0,0
21625.3,0,0,0
21625.4,0,0,0
21625.5,0,0,0
21625.6,0,0,0
21625.7,0,0,0
21625.8,0,0,0
21625.9,0,0,0
21626,0,0,0
21626.1,0,0,0
21626.2,0,0,0
21626.3,0,0,0
21626.4,0,0,0
21626.5,0,0,0
21626.6,0,0,0
21626.7,0,0,0
21626.8,0,0,0
21626.9,0,0,0
21627,0,0,0
21627.1,0,0,0
21627.2,0,0,0
21627.3,0,0,0
21627.4,0,0,0
21627.5,0,0,0
21627.6,0,0,0
21627.7,0,0,0
21627.8,0,0,0
21627.9,0,0,0
21628,0,0,0
21628.1,0,0,0
21628.2,0,0,0
21628.3,0,0,0
21628.4,0,0,0
21628.5,0,0,0
21628.6,0,0,0
21628.7,0,0,0
21628.8,0,0,0
21628.9,0,0,0
21629,0,0,0
21629.1,0,0,0
21629.2,0,0,0
21629.3,0,0,0
21629.4,0,0,0
21629.5,0,0,0
21629.7,0,0,0
21629.8,0,0,0
21629.9,0,0,0
21630,0,0,0
21630.1,0,0,0
21630.2,0,0,0
21630.3,0,0,0
21630.4,0,0,0
21630.5,0,0,0
21630.6,0,0,0
21630.7,0,0,0
21630.8,0,0,0
21630.9,0,0,0
21631,0,0,0
21631.1,0,0,0
21631.2,0,0,0
21631.3,0,0,0
21631.4,0,0,0
21631.5,0,0,0
21631.6,0,0,0
21631.7,0,0,0
21631.8,0,0,0
21631.9,0,0,0
21632,0,0,0
21632.1,0,0,0
21632.2,0,0,0
21632.3,0,0,0
21632.4,0,0,0
21632.5,0,0,0
21632.6,0,0,0
21632.7,0,0,0
21632.8,0,0,0
21632.9,0,0,0
21633,0,0,0
21633.1,0,0,0
21633.2,0,0,0
21633.3,0,0,0
21633.4,0,0,0
21633.5,0,0,0
21633.6,0,0,0
21633.7,0,0,0
21633.8,0,0,0
21633.9,0,0,0
21634,0,0,0
21634.1,0,0,0
21634.2,0,0,0
21634.3,0,0,0
21634.4,0,0,0
21634.5,0,0,0
21634.6,0,0,0
21634.7,0,0,0
21634.8,0,0,0
21634.9,0,0,0
21635,0,0,0
21635.1,0,0,0
21635.2,0,0,0
21635.3,0,0,0
21635.4,0,0,0
21635.5,0,0,0
21635.6,0,0,0
21635.7,0,0,0
21635.8,0,0,0
21635.9,0,0,0
21636,0,0,0
21636.1,0,0,0
21636.2,0,0,0
21636.3,0,0,0
21636.4,0,0,0
21636.5,0,0,0
21636.6,0,0,0
21636.7,0,0,0
21636.8,0,0,0
21636.9,0,0,0
21637,0,0,0
21637.1,0,0,0
21637.2,0,0,0
21637.3,0,0,0
21637.4,0,0,0
21637.5,0,0,0
21637.6,0,0,0
21637.7,0,0,0
21637.8,0,0,0
21637.9,0,0,0
21638,0,0,0
21638.1,0,0,0
21638.2,0,0,0
21638.3,0,0,0
21638.4,0,0,0
21638.5,0,0,0
21638.6,0,0,0
21638.7,0,0,0
21638.8,0,0,0
21638.9,0,0,0
21639,0,0,0
21639.1,0,0,0
21639.2,0,0,0
21639.3,0,0,0
21639.4,0,0,0
21639.5,0,0,0
21639.6,0,0,0
21639.7,0,0,0
21639.8,0,0,0
21639.9,0,0,0
21640,0,0,0
21640.1,0,0,0
21640.2,0,0,0
21640.3,0,0,0
21640.4,0,0,0
21640.5,0,0,0
21640.6,0,0,0
21640.7,0,0,0
21640.8,0,0,0
21640.9,0,0,0
21641,0,0,0
21641.1,0,0,0
21641.2,0,0,0
21641.3,0,0,0
21641.4,0,0,0
21641.5,0,0,0
21641.6,0,0,0
21641.7,0,0,0
21641.8,0,0,0
21641.9,0,0,0
21642,0,0,0
21642.1,0,0,0
21642.2,0,0,0
21642.3,0,0,0
21642.4,0,0,0
21642.5,0,0,0
21642.6,0,0,0
21642.7,0,0,0
21642.8,0,0,0
21642.9,0,0,0
21643,0,0,0
21643.1,0,0,0
21643.2,0,0,0
21643.3,0,0,0
21643.4,0,0,0
21643.5,0,0,0
21643.6,0,0,0
21643.7,0,0,0
21643.8,0,0,0
21643.9,0,0,0
21644,0,0,0
21644.1,0,0,0
21644.2,0,0,0
21644.3,0,0,0
21644.4,0,0,0
21644.5,0,0,0
21644.6,0,0,0
21644.7,0,0,0
21644.8,0,0,0
21644.9,0,0,0
21645,0,0,0
21645.1,0,0,0
21645.2,0,0,0
21645.3,0,0,0
21645.4,0,0,0
21645.5,0,0,0
21645.6,0,0,0
21645.7,0,0,0
21645.8,0,0,0
21645.9,0,0,0
21646,0,0,0
21646.1,0,0,0
21646.2,0,0,0
21646.3,0,0,0
21646.4,0,0,0
21646.5,0,0,0
21646.6,0,0,0
21646.7,0,0,0
21646.8,0,0,0
21646.9,0,0,0
21647,0,0,0
21647.1,0,0,0
21647.2,0,0,0
21647.3,0,0,0
21647.4,0,0,0
21647.5,0,0,0
21647.6,0,0,0
21647.7,0,0,0
21647.8,0,0,0
21647.9,0,0,0
21648,0,0,0
21648.1,0,0,0
21648.2,0,0,0
21648.3,0,0,0
21648.4,0,0,0
21648.5,0,0,0
21648.6,0,0,0
21648.7,0,0,0
21648.8,0,0,0
21648.9,0,0,0
21649,0,0,0
21649.1,0,0,0
21649.2,0,0,0
21649.3,0,0,0
21649.4,0,0,0
21649.5,0,0,0
21649.6,0,0,0
21649.7,0,0,0
21649.8,0,0,0
21649.9,0,0,0
21650,0,0,0
21650.1,0,0,0
21650.2,0,0,0
21650.3,0,0,0
21650.4,0,0,0
21650.5,0,0,0
21650.6,0,0,0
21650.7,0,0,0
21650.8,0,0,0
21650.9,0,0,0
21651,0,0,0
21651.1,0,0,0
21651.2,0,0,0
21651.3,0,0,0
21651.4,0,0,0
21651.5,0,0,0
21651.6,0,0,0
21651.7,0,0,0
21651.8,0,0,0
21651.9,0,0,0
21652,0,0,0
21652.1,0,0,0
21652.2,0,0,0
21652.3,0,0,0
21652.4,0,0,0
21652.5,0,0,0
21652.6,0,0,0
21652.7,0,0,0
21652.8,0,0,0
21652.9,0,0,0
21653,0,0,0
21653.1,0,0,0
21653.2,0,0,0
21653.3,0,0,0
21653.4,0,0,0
21653.5,0,0,0
21653.6,0,0,0
21653.7,0,0,0
21653.8,0,0,0
21653.9,0,0,0
21654,0,0,0
21654.1,0,0,0
21654.2,0,0,0
21654.3,0,0,0
21654.4,0,0,0
21654.5,0,0,0
21654.6,0,0,0
21654.7,0,0,0
21654.8,0,0,0
21654.9,0,0,0
21655,0,0,0
21655.1,0,0,0
21655.2,0,0,0
21655.3,0,0,0
21655.4,0,0,0
21655.5,0,0,0
21655.6,0,0,0
21655.7,0,0,0
21655.8,0,0,0
21655.9,0,0,0
21656,0,0,0
21656.1,0,0,0
21656.2,0,0,0
21656.3,0,0,0
21656.4,0,0,0
21656.5,0,0,0
21656.6,0,0,0
21656.7,0,0,0
21656.8,0,0,0
21656.9,0,0,0
21657,0,0,0
21657.1,0,0,0
21657.2,0,0,0
21657.3,0,0,0
21657.4,0,0,0
21657.5,0,0,0
21657.6,0,0,0
21657.7,0,0,0
21657.8,0,0,0
21657.9,0,0,0
21658,0,0,0
21658.1,0,0,0
21658.2,0,0,0
21658.3,0,0,0
21658.4,0,0,0
21658.5,0,0,0
21658.6,0,0,0
21658.7,0,0,0
21658.8,0,0,0
21658.9,0,0,0
21659,0,0,0
21659.1,0,0,0
21659.2,0,0,0
21659.3,0,0,0
21659.4,0,0,0
21659.5,0,0,0
21659.6,0,0,0
21659.7,0,0,0
21659.8,0,0,0
21659.9,0,0,0
21660,0,0,0
21660.1,0,0,0
21660.2,0,0,0
21660.3,0,0,0
21660.4,0,0,0
21660.5,0,0,0
21660.6,0,0,0
21660.7,0,0,0
21660.8,0,0,0
21660.9,0,0,0
21661,0,0,0
21661.1,0,0,0
21661.2,0,0,0
21661.3,0,0,0
21661.4,0,0,0
21661.5,0,0,0
21661.6,0,0,0
21661.7,0,0,0
21661.8,0,0,0
21661.9,0,0,0
21662,0,0,0
21662.1,0,0,0
21662.2,0,0,0
21662.3,0,0,0
21662.4,0,0,0
21662.5,0,0,0
21662.6,0,0,0
21662.7,0,0,0
21662.8,0,0,0
21662.9,0,0,0
21663,0,0,0
21663.1,0,0,0
21663.2,0,0,0
21663.3,0,0,0
21663.4,0,0,0
21663.5,0,0,0
21663.6,0,0,0
21663.7,0,0,0
21663.8,0,0,0
21663.9,0,0,0
21664,0,0,0
21664.1,0,0,0
21664.2,0,0,0
21664.3,0,0,0
21664.4,0,0,0
21664.5,0,0,0
21664.6,0,0,0
21664.7,0,0,0
21664.8,0,0,0
21664.9,0,0,0
21665,0,0,0
21665.1,0,0,0
21665.2,0,0,0
21665.3,0,0,0
21665.4,0,0,0
21665.5,0,0,0
21665.6,0,0,0
21665.7,0,0,0
21665.8,0,0,0
21665.9,0,0,0
21666,0,0,0
21666.1,0,0,0
21666.2,0,0,0
21666.3,0,0,0
21666.4,0,0,0
21666.5,0,0,0
21666.6,0,0,0
21666.7,0,0,0
21666.8,0,0,0
21666.9,0,0,0
21667,0,0,0
21667.1,0,0,0
21667.2,0,0,0
21667.3,0,0,0
21667.4,0,0,0
21667.5,0,0,0
21667.6,0,0,0
21667.7,0,0,0
21667.8,0,0,0
21667.9,0,0,0
21668,0,0,0
21668.1,0,0,0
21668.2,0,0,0
21668.3,0,0,0
21668.4,0,0,0
21668.5,0,0,0
21668.6,0,0,0
21668.7,0,0,0
21668.8,0,0,0
21668.9,0,0,0
21669,0,0,0
21669.1,0,0,0
21669.2,0,0,0
21669.3,0,0,0
21669.4,0,0,0
21669.5,0,0,0
21669.6,0,0,0
21669.7,0,0,0
21669.8,0,0,0
21669.9,0,0,0
21670,0,0,0
21670.1,0,0,0
21670.2,0,0,0
21670.3,0,0,0
21670.4,0,0,0
21670.5,0,0,0
21670.6,0,0,0
21670.7,0,0,0
21670.8,0,0,0
21670.9,0,0,0
21671,0,0,0
21671.1,0,0,0
21671.2,0,0,0
21671.3,0,0,0
21671.4,0,0,0
21671.5,0,0,0
21671.6,0,0,0
21671.7,0,0,0
21671.8,0,0,0
21671.9,0,0,0
21672,0,0,0
21672.1,0,0,0
21672.2,0,0,0
21672.3,0,0,0
21672.4,0,0,0
21672.5,0,0,0
21672.6,0,0,0
21672.7,0,0,0
21672.8,0,0,0
21672.9,0,0,0
21673,0,0,0
21673.1,0,0,0
21673.2,0,0,0
21673.3,0,0,0
21673.4,0,0,0
21673.5,0,0,0
21673.6,0,0,0
21673.7,0,0,0
21673.8,0,0,0
21673.9,0,0,0
21674,0,0,0
21674.1,0,0,0
21674.2,0,0,0
21674.3,0,0,0
21674.4,0,0,0
21674.5,0,0,0
21674.6,0,0,0
21674.7,0,0,0
21674.8,0,0,0
21674.9,0,0,0
21675,0,0,0
21675.1,0,0,0
21675.2,0,0,0
21675.3,0,0,0
21675.4,0,0,0
21675.5,0,0,0
21675.6,0,0,0
21675.7,0,0,0
21675.8,0,0,0
21675.9,0,0,0
21676,0,0,0
21676.1,0,0,0
21676.2,0,0,0
21676.3,0,0,0
21676.4,0,0,0
21676.5,0,0,0
21676.6,0,0,0
21676.7,0,0,0
21676.8,0,0,0
21676.9,0,0,0
21677,0,0,0
21677.1,0,0,0
21677.2,0,0,0
21677.3,0,0,0
21677.4,0,0,0
21677.5,0,0,0
21677.6,0,0,0
21677.7,0,0,0
21677.8,0,0,0
21677.9,0,0,0
21678,0,0,0
21678.1,0,0,0
21678.2,0,0,0
21678.3,0,0,0
21678.4,0,0,0
21678.5,0,0,0
21678.6,0,0,0
21678.7,0,0,0
21678.8,0,0,0
21678.9,0,0,0
21679,0,0,0
21679.1,0,0,0
21679.2,0,0,0
21679.3,0,0,0
21679.4,0,0,0
21679.5,0,0,0
21679.6,0,0,0
21679.7,0,0,0
21679.8,0,0,0
21679.9,0,0,0
21680,0,0,0
21680.1,0,0,0
21680.2,0,0,0
21680.3,0,0,0
21680.4,0,0,0
21680.5,0,0,0
21680.6,0,0,0
21680.7,0,0,0
21680.8,0,0,0
21680.9,0,0,0
21681,0,0,0
21681.1,0,0,0
21681.2,0,0,0
21681.3,0,0,0
21681.4,0,0,0
21681.5,0,0,0
21681.6,0,0,0
21681.7,0,0,0
21681.8,0,0,0
21681.9,0,0,0
21682,0,0,0
21682.1,0,0,0
21682.2,0,0,0
21682.3,0,0,0
21682.4,0,0,0
21682.5,0,0,0
21682.6,0,0,0
21682.7,0,0,0
21682.8,0,0,0
21682.9,0,0,0
21683,0,0,0
21683.1,0,0,0
21683.2,0,0,0
21683.3,0,0,0
21683.4,0,0,0
21683.5,0,0,0
21683.6,0,0,0
21683.7,0,0,0
21683.8,0,0,0
21683.9,0,0,0
21684,0,0,0
21684.1,0,0,0
21684.2,0,0,0
21684.3,0,0,0
21684.4,0,0,0
21684.5,0,0,0
21684.6,0,0,0
21684.7,0,0,0
21684.8,0,0,0
21684.9,0,0,0
21685,0,0,0
21685.1,0,0,0
21685.2,0,0,0
21685.3,0,0,0
21685.4,0,0,0
21685.5,0,0,0
21685.6,0,0,0
21685.7,0,0,0
21685.8,0,0,0
21685.9,0,0,0
21686,0,0,0
21686.1,0,0,0
21686.2,0,0,0
21686.3,0,0,0
21686.4,0,0,0
21686.5,0,0,0
21686.6,0,0,0
21686.7,0,0,0
21686.8,0,0,0
21686.9,0,0,0
21687,0,0,0
21687.1,0,0,0
21687.2,0,0,0
21687.3,0,0,0
21687.4,0,0,0
21687.5,0,0,0
21687.6,0,0,0
21687.7,0,0,0
21687.8,0,0,0
21687.9,0,0,0
21688,0,0,0
21688.1,0,0,0
21688.2,0,0,0
21688.3,0,0,0
21688.4,0,0,0
21688.5,0,0,0
21688.6,0,0,0
21688.7,0,0,0
21688.8,0,0,0
21688.9,0,0,0
21689,0,0,0
21689.1,0,0,0
21689.2,0,0,0
21689.3,0,0,0
21689.4,0,0,0
21689.5,0,0,0
21689.6,0,0,0
21689.7,0,0,0
21689.8,0,0,0
21689.9,0,0,0
21690,0,0,0
21690.1,0,0,0
21690.2,0,0,0
21690.3,0,0,0
21690.4,0,0,0
21690.5,0,0,0
21690.6,0,0,0
21690.7,0,0,0
21690.8,0,0,0
21690.9,0,0,0
21691,0,0,0
21691.1,0,0,0
21691.2,0,0,0
21691.3,0,0,0
21691.4,0,0,0
21691.5,0,0,0
21691.6,0,0,0
21691.7,0,0,0
21691.8,0,0,0
21691.9,0,0,0
21692,0,0,0
21692.1,0,0,0
21692.2,0,0,0
21692.3,0,0,0
21692.4,0,0,0
21692.5,0,0,0
21692.6,0,0,0
21692.7,0,0,0
21692.8,0,0,0
21692.9,0,0,0
21693,0,0,0
21693.1,0,0,0
21693.2,0,0,0
21693.3,0,0,0
21693.4,0,0,0
21693.5,0,0,0
21693.6,0,0,0
21693.7,0,0,0
21693.8,0,0,0
21693.9,0,0,0
21694,0,0,0
21694.1,0,0,0
21694.2,0,0,0
21694.3,0,0,0
21694.4,0,0,0
21694.5,0,0,0
21694.6,0,0,0
21694.7,0,0,0
21694.8,0,0,0
21694.9,0,0,0
21695,0,0,0
21695.1,0,0,0
21695.2,0,0,0
21695.3,0,0,0
21695.4,0,0,0
21695.5,0,0,0
21695.6,0,0,0
21695.7,0,0,0
21695.8,0,0,0
21695.9,0,0,0
21696,0,0,0
21696.1,0,0,0
21696.2,0,0,0
21696.3,0,0,0
21696.4,0,0,0
21696.5,0,0,0
21696.6,0,0,0
21696.7,0,0,0
21696.8,0,0,0
21696.9,0,0,0
21697,0,0,0
21697.1,0,0,0
21697.2,0,0,0
21697.3,0,0,0
21697.4,0,0,0
21697.5,0,0,0
21697.6,0,0,0
21697.7,0,0,0
21697.8,0,0,0
21697.9,0,0,0
21698,0,0,0
21698.1,0,0,0
21698.2,0,0,0
21698.3,0,0,0
21698.4,0,0,0
21698.5,0,0,0
21698.6,0,0,0
21698.7,0,0,0
21698.8,0,0,0
21698.9,0,0,0
21699,0,0,0
21699.1,0,0,0
21699.2,0,0,0
21699.3,0,0,0
21699.4,0,0,0
21699.5,0,0,0
21699.6,0,0,0
21699.7,0,0,0
21699.8,0,0,0
21699.9,0,0,0
21700,0,0,0
21700.1,0,0,0
21700.2,0,0,0
21700.3,0,0,0
21700.4,0,0,0
21700.5,0,0,0
21700.6,0,0,0
21700.7,0,0,0
21700.8,0,0,0
21700.9,0,0,0
21701,0,0,0
21701.1,0,0,0
21701.2,0,0,0
21701.3,0,0,0
21701.4,0,0,0
21701.5,0,0,0
21701.6,0,0,0
21701.7,0,0,0
21701.8,0,0,0
21701.9,0,0,0
21702,0,0,0
21702.1,0,0,0
21702.2,0,0,0
21702.3,0,0,0
21702.4,0,0,0
21702.5,0,0,0
21702.6,0,0,0
21702.7,0,0,0
21702.8,0,0,0
21702.9,0,0,0
21703,0,0,0
21703.1,0,0,0
21703.2,0,0,0
21703.3,0,0,0
21703.4,0,0,0
21703.5,0,0,0
21703.6,0,0,0
21703.7,0,0,0
21703.8,0,0,0
21703.9,0,0,0
21704,0,0,0
21704.1,0,0,0
21704.2,0,0,0
21704.3,0,0,0
21704.4,0,0,0
21704.5,0,0,0
21704.6,0,0,0
21704.7,0,0,0
21704.8,0,0,0
21704.9,0,0,0
21705,0,0,0
21705.1,0,0,0
21705.2,0,0,0
21705.3,0,0,0
21705.4,0,0,0
21705.5,0,0,0
21705.6,0,0,0
21705.7,0,0,0
21705.8,0,0,0
21705.9,0,0,0
21706,0,0,0
21706.1,0,0,0
21706.2,0,0,0
21706.3,0,0,0
21706.4,0,0,0
21706.5,0,0,0
21706.6,0,0,0
21706.7,0,0,0
21706.8,0,0,0
21706.9,0,0,0
21707,0,0,0
21707.1,0,0,0
21707.2,0,0,0
21707.3,0,0,0
21707.4,0,0,0
21707.5,0,0,0
21707.6,0,0,0
21707.7,0,0,0
21707.8,0,0,0
21707.9,0,0,0
21708,0,0,0
21708.1,0,0,0
21708.2,0,0,0
21708.3,0,0,0
21708.4,0,0,0
21708.5,0,0,0
21708.6,0,0,0
21708.7,0,0,0
21708.8,0,0,0
21708.9,0,0,0
21709,0,0,0
21709.1,0,0,0
21709.2,0,0,0
21709.3,0,0,0
21709.4,0,0,0
21709.5,0,0,0
21709.6,0,0,0
21709.7,0,0,0
21709.8,0,0,0
21709.9,0,0,0
21710,0,0,0
21710.1,0,0,0
21710.2,0,0,0
21710.3,0,0,0
21710.4,0,0,0
21710.5,0,0,0
21710.6,0,0,0
21710.7,0,0,0
21710.8,0,0,0
21710.9,0,0,0
21711,0,0,0
21711.1,0,0,0
21711.2,0,0,0
21711.3,0,0,0
21711.4,0,0,0
21711.5,0,0,0
21711.6,0,0,0
21711.7,0,0,0
21711.8,0,0,0
21711.9,0,0,0
21712,0,0,0
21712.1,0,0,0
21712.2,0,0,0
21712.3,0,0,0
21712.4,0,0,0
21712.5,0,0,0
21712.6,0,0,0
21712.7,0,0,0
21712.8,0,0,0
21712.9,0,0,0
21713,0,0,0
21713.1,0,0,0
21713.2,0,0,0
21713.3,0,0,0
21713.4,0,0,0
21713.5,0,0,0
21713.6,0,0,0
21713.7,0,0,0
21713.8,0,0,0
21713.9,0,0,0
21714,0,0,0
21714.1,0,0,0
21714.2,0,0,0
21714.3,0,0,0
21714.4,0,0,0
21714.5,0,0,0
21714.6,0,0,0
21714.7,0,0,0
21714.8,0,0,0
21714.9,0,0,0
21715,0,0,0
21715.1,0,0,0
21715.2,0,0,0
21715.3,0,0,0
21715.4,0,0,0
21715.5,0,0,0
21715.6,0,0,0
21715.7,0,0,0
21715.8,0,0,0
21715.9,0,0,0
21716,0,0,0
21716.1,0,0,0
21716.2,0,0,0
21716.3,0,0,0
21716.4,0,0,0
21716.5,0,0,0
21716.6,0,0,0
21716.7,0,0,0
21716.8,0,0,0
21716.9,0,0,0
21717,0,0,0
21717.1,0,0,0
21717.2,0,0,0
21717.3,0,0,0
21717.4,0,0,0
21717.5,0,0,0
21717.6,0,0,0
21717.7,0,0,0
21717.8,0,0,0
21717.9,0,0,0
21718,0,0,0
21718.1,0,0,0
21718.2,0,0,0
21718.3,0,0,0
21718.4,0,0,0
21718.5,0,0,0
21718.6,0,0,0
21718.7,0,0,0
21718.8,0,0,0
21718.9,0,0,0
21719,0,0,0
21719.1,0,0,0
21719.2,0,0,0
21719.3,0,0,0
21719.4,0,0,0
21719.5,0,0,0
21719.6,0,0,0
21719.7,0,0,0
21719.8,0,0,0
21719.9,0,0,0
21720,0,0,0
21720.1,0,0,0
21720.2,0,0,0
21720.3,0,0,0
21720.4,0,0,0
21720.5,0,0,0
21720.6,0,0,0
21720.7,0,0,0
21720.8,0,0,0
21720.9,0,0,0
21721,0,0,0
21721.1,0,0,0
21721.2,0,0,0
21721.3,0,0,0
21721.4,0,0,0
21721.5,0,0,0
21721.6,0,0,0
21721.7,0,0,0
21721.8,0,0,0
21721.9,0,0,0
21722,0,0,0
21722.1,0,0,0
21722.2,0,0,0
21722.3,0,0,0
21722.4,0,0,0
21722.5,0,0,0
21722.6,0,0,0
21722.7,0,0,0
21722.8,0,0,0
21722.9,0,0,0
21723,0,0,0
21723.1,0,0,0
21723.2,0,0,0
21723.3,0,0,0
21723.4,0,0,0
21723.5,0,0,0
21723.6,0,0,0
21723.7,0,0,0
21723.8,0,0,0
21723.9,0,0,0
21724,0,0,0
21724.1,0,0,0
21724.2,0,0,0
21724.3,0,0,0
21724.4,0,0,0
21724.5,0,0,0
21724.6,0,0,0
21724.7,0,0,0
21724.8,0,0,0
21724.9,0,0,0
21725,0,0,0
21725.1,0,0,0
21725.2,0,0,0
21725.3,0,0,0
21725.4,0,0,0
21725.5,0,0,0
21725.6,0,0,0
21725.7,0,0,0
21725.8,0,0,0
21725.9,0,0,0
21726,0,0,0
21726.1,0,0,0
21726.2,0,0,0
21726.3,0,0,0
21726.4,0,0,0
21726.5,0,0,0
21726.6,0,0,0
21726.7,0,0,0
21726.8,0,0,0
21726.9,0,0,0
21727,0,0,0
21727.1,0,0,0
21727.2,0,0,0
21727.3,0,0,0
21727.4,0,0,0
21727.5,0,0,0
21727.6,0,0,0
21727.7,0,0,0
21727.8,0,0,0
21727.9,0,0,0
21728,2.95148e+15,2.95148e+15,5.90296e+15
21728.1,430.093,377.193,807.286
21728.2,282.628,257.567,540.195
21728.3,317.23,266.453,583.683
21728.4,316.772,271.828,588.6
21728.5,347.923,308.102,656.025
21728.6,245.503,223.402,468.905
21728.7,290.474,265.436,555.91
21728.8,264.833,244.365,509.198
21728.9,330.93,306.17,637.099
21729,313.982,281.443,595.425
21729.1,250.776,233.127,483.903
21729.2,278.226,256.058,534.284
21729.3,251.271,228.001,479.272
21729.4,291.59,267.052,558.643
21729.5,255.745,243.664,499.409
21729.6,246.027,234.645,480.672
21729.7,273.206,253.603,526.809
21729.8,265.62,250.67,516.29
21729.9,382.257,379.753,762.01
21730,277.698,254.216,531.914
21730.1,286.972,276.682,563.654
21730.2,238.411,235.005,473.416
21730.3,311.821,275.201,587.021
21730.4,281.22,305.941,587.162
21730.5,284.533,282.71,567.243
21730.6,308.132,275.886,584.018
21730.7,281.723,263.624,545.347
21730.8,286.484,271.647,558.131
21730.9,307.704,310.664,618.369
21731,300.536,281.535,582.072
21731.1,253.898,240.764,494.662
21731.2,302.684,277.851,580.535
21731.3,274.69,260.582,535.271
21731.4,350.886,340.893,691.78
21731.5,271.303,254.434,525.737
21731.6,229.307,211.117,440.424
21731.7,275.649,243.108,518.757
21731.8,249.743,241.16,490.903
21731.9,339.679,328.563,668.242
21732,255.054,247.32,502.374
21732.1,271.791,263.278,535.069
21732.2,272.664,259.606,532.27
21732.3,228.996,222.839,451.836
21732.4,264.814,248.103,512.917
21732.5,243.496,234.675,478.171
21732.6,258.353,249.21,507.562
21732.7,247.729,264.488,512.216
21732.8,254.739,258.392,513.132
21732.9,368.408,358.92,727.327
21733,264.989,285.22,550.209
21733.1,261.43,266.609,528.039
21733.2,336.235,299.686,635.921
21733.3,279.366,255.593,534.959
21733.4,430.5,379.899,810.399
21733.5,357.182,307.496,664.678
21733.6,243.919,228.641,472.56
21733.7,266.117,244.737,510.854
21733.8,262.526,244.779,507.305
21733.9,289.514,287.448,576.962
21734,293.031,282.228,575.259
21734.1,272.475,256.84,529.316
21734.2,281.276,264.132,545.407
21734.3,254.148,243.38,497.528
21734.4,272.188,257.923,530.111
21734.5,240.838,237.559,478.397
21734.6,272.414,238.792,511.206
21734.7,263.844,254.384,518.229
21734.8,276.49,267.631,544.121
21734.9,318.637,316.496,635.133
21735,244.554,239.474,484.028
21735.1,287.51,273.098,560.608
21735.2,247.332,244.94,492.272
21735.3,236.588,240.029,476.618
21735.4,250.539,252.81,503.349
21735.5,255.119,252.736,507.855
21735.6,253.092,251.185,504.278
21735.7,234.635,231.226,465.861
21735.8,358.296,310.035,668.332
21735.9,293.342,296.761,590.103
21736,300.365,263.804,564.169
21736.1,247.544,243.295,490.839
21736.2,259.236,245.651,504.887
21736.3,243.64,239.979,483.619
21736.4,233.776,231.117,464.893
21736.5,331.45,295.785,627.235
21736.6,237.004,236.445,473.449
21736.7,275.745,285.762,561.507
21736.8,284.483,281.567,566.05
21736.9,292.555,299.897,592.452
21737,282.06,302.739,584.798
21737.1,251.34,258.163,509.503
21737.2,271.048,260.425,531.473
21737.3,282.119,238.902,521.021
21737.4,255.893,242.907,498.8
21737.5,239.835,235.008,474.843
21737.6,263.579,262.244,525.823
21737.7,233.018,227.674,460.692
21737.8,248.282,240.61,488.892
21737.9,368.03,377.273,745.303
21738,255.293,247.313,502.607
21738.1,266.236,247.544,513.78
21738.2,277.137,268.833,545.97
21738.3,292.282,269.043,561.324
21738.4,275.238,261.507,536.744
21738.5,272.532,248.767,521.299
21738.6,373.312,313.932,687.244
21738.7,252.965,240.524,493.489
21738.8,302.88,270.445,573.325
21738.9,302.168,290.439,592.607
21739,334.046,295.379,629.425
21739.1,259.825,253.031,512.856
21739.2,241.293,234.475,475.768
21739.3,289.76,270.226,559.986
21739.4,245.459,240.481,485.939
21739.5,254.093,254.295,508.388
21739.6,229.205,227.725,456.931
21739.7,258.081,252.037,510.118
21739.8,254.576,250.771,505.347
21739.9,446.149,412.749,858.898
21740,281.358,273.789,555.147
21740.1,264.195,231.981,496.175
21740.2,264.58,224.791,489.372
21740.3,222.576,209.266,431.843
21740.4,252.118,240.017,492.134
21740.5,266.573,253.32,519.893
21740.6,250.024,244.607,494.631
21740.7,232.283,230.536,462.819
21740.8,250.58,244.94,495.52
21740.9,358.78,333.124,691.904
21741,278.499,277.884,556.383
21741.1,264.474,259.982,524.456
21741.2,309.722,270.858,580.579
21741.3,276.579,257.306,533.885
21741.4,409.011,331.753,740.764
21741.5,265.981,263.05,529.032
21741.6,301.361,267.947,569.308
21741.7,289.676,273.356,563.032
21741.9,279.999,269.913,549.912
21741.9,302.917,309.827,612.744
21742,290.707,281.173,571.88
21742.1,253.469,249.306,502.775
21742.3,318.555,327.799,646.354
21742.3,299.274,277.331,576.605
21742.5,268.708,247.342,516.051
21742.6,343.779,288.801,632.579
21742.7,272.917,255.054,527.971
21742.8,300.624,270.31,570.934
21742.9,259.661,241.456,501.117
21743,373.832,356.154,729.986
21743.1,283.989,275.743,559.732
21743.2,262.283,256.994,519.277
21743.3,281.334,271.095,552.429
21743.4,234.159,237.135,471.293
21743.5,346.31,321.351,667.661
21743.6,261.576,255.907,517.483
21743.7,670.241,566.349,1236.59
21743.8,546.134,461.818,1007.95
21743.9,283.475,215.77,499.245
21744,307.799,275.901,583.7
21744.1,254.7,232.82,487.519
21744.2,260.125,251.222,511.347
21744.3,253.6,238.515,492.115
21744.4,252.514,248.263,500.777
21744.5,240.745,240.952,481.697
21744.6,240.468,232.745,473.213
21744.7,305.065,289.254,594.319
21744.8,239.544,236.23,475.775
21744.9,293.271,280.088,573.359
21745,343.581,356.296,699.878
21745.1,288.735,284.856,573.591
21745.2,305.7,265.628,571.328
21745.3,287.542,255.562,543.105
21745.4,236.662,220.764,457.425
21745.5,249.347,231.95,481.297
21745.6,239.267,225.194,464.46
21745.7,245.958,238.994,484.953
21745.8,243.942,240.052,483.994
21745.9,237.258,234.326,471.584
21746,329.363,328.121,657.484
21746.1,330.697,292.339,623.036
21746.2,270.623,269.771,540.394
21746.3,264.408,259.942,524.35
21746.4,261.741,251.24,512.98
21746.5,290.296,267.85,558.146
21746.6,246.774,242.989,489.763
21746.7,269.116,256.774,525.89
21746.8,230.617,224.791,455.408
21746.9,287.688,267.178,554.866
21747,286.191,284.035,570.225
21747.1,270.444,267.217,537.661
21747.2,236.748,232.356,469.104
21747.3,259.254,255.69,514.944
21747.4,247.637,244.874,492.511
21747.5,241.945,238.035,479.979
21747.6,287.459,270.603,558.061
21747.7,236.358,236.568,472.926
21747.8,292.84,266.679,559.519
21747.9,257.083,254.095,511.178
21748,386.426,398.038,784.463
21748.1,250.12,239.656,489.776
21748.2,248.629,231.046,479.675
21748.3,243.777,231.292,475.069
21748.4,235.071,219.392,454.463
21748.5,244.295,231.843,476.138
21748.6,303.009,272.964,575.973
21748.7,265.119,251.898,517.018
21748.8,241.099,239.462,480.561
21748.9,264.188,256.212,520.401
21749,309.536,306.275,615.811
21749.1,297.29,277.168,574.458
21749.2,275.894,262.76,538.654
21749.3,241.43,233.971,475.4
21749.4,257.807,241.304,499.112
21749.5,227.015,220.854,447.869
21749.6,279.324,262.578,541.901
21749.7,256.771,264.227,520.998
21749.8,246.326,232.195,478.52
21749.9,251.718,246.548,498.266
21750,292.09,291.752,583.843
21750.1,271.775,267.453,539.228
21750.2,256.348,246.841,503.189
21750.3,280.872,269.837,550.71
21750.4,297.697,272.764,570.461
21750.5,251.64,248.145,499.785
21750.6,276.541,262.82,539.361
21750.7,265.017,255.212,520.229
21750.8,255.548,240.339,495.887
21750.9,231.351,231.369,462.72
21751,372.161,373.292,745.453
21751.1,237.359,238.84,476.199
21751.2,343.99,315.514,659.503
21751.3,244.319,233.22,477.539
21751.4,258.202,238.212,496.413
21751.5,267.224,248.166,515.389
21751.6,234.849,226.533,461.382
21751.7,295.632,267.234,562.866
21751.8,242.332,233.564,475.896
21751.9,269.727,261.643,531.37
21752,348.732,335.995,684.726
21752.1,269.037,248.273,517.311
21752.2,242.447,240.287,482.734
21752.3,245.735,235.567,481.302
21752.4,256.723,240.733,497.456
21752.5,227.087,225.702,452.789
21752.6,249.164,242.415,491.579
21752.7,238.259,239.857,478.116
21752.8,226.916,224.146,451.062
21752.9,246.518,240.097,486.615
21753,344.341,330.382,674.723
21753.1,272.426,257.977,530.403
21753.2,231.696,228.921,460.617
21753.3,270.166,255.699,525.866
21753.4,228.196,219.287,447.483
21753.5,330.076,319.121,649.196
21753.6,262.168,251.69,513.857
21753.7,240.972,234.324,475.295
21753.8,269.666,249.982,519.648
21753.9,266.09,255.533,521.622
21754,335.999,324.876,660.874
21754.1,230.764,224.079,454.843
21754.2,284.333,267.226,551.559
21754.3,254.004,252.767,506.771
21754.4,304.28,284.65,588.93
21754.5,236.845,232.709,469.555
21754.6,245.199,235.903,481.102
21754.7,265.943,249.541,515.484
21754.8,227.157,222.536,449.693
21754.9,273.599,273.645,547.244
21755,302.513,299.733,602.246
21755.1,260.671,253.99,514.662
21755.2,260.998,259.09,520.088
21755.3,273.051,263.366,536.418
21755.4,239.697,235.144,474.842
21755.5,256.434,250.621,507.055
21755.6,260.903,252.059,512.962
21755.7,302.143,275.768,577.911
21755.8,291.928,276.839,568.767
21755.9,259.05,252.979,512.029
21756,361.316,356.043,717.359
21756.1,240.064,234.978,475.042
21756.2,261.602,245.038,506.64
21756.3,260.305,241.283,501.589
21756.4,230.732,216.068,446.799
21756.5,253.279,238.799,492.078
21756.6,304.696,272.807,577.503
21756.7,250.321,246.051,496.372
21756.8,236.161,236.783,472.943
21756.9,237.121,234.843,471.964
21757,388.527,360.995,749.523
21757.1,298.695,295.279,593.974
21757.2,262.019,249.134,511.153
21757.3,250.953,242.455,493.408
21757.4,249.496,236.03,485.526
21757.5,233.642,226.511,460.153
21757.6,246.251,240.892,487.143
21757.7,252.189,246.095,498.284
21757.8,221.702,222.463,444.165
21757.9,263.748,263.338,527.085
21758,305.407,304.258,609.665
21758.1,255.488,253.665,509.153
21758.2,263.217,251.782,515
21758.3,312.04,290.86,602.9
21758.4,263.491,255.892,519.383
21758.5,247.942,239.007,486.949
21758.6,278.801,259.148,537.949
21758.7,245.985,236.574,482.559
21758.8,280.776,269.8,550.576
21758.9,316.166,294.068,610.235
21759,364.726,367.194,731.92
21759.1,290.537,278.232,568.769
21759.2,249.779,238.697,488.476
21759.3,252.162,241.155,493.317
21759.4,256.847,245.995,502.842
21759.5,257.56,247.279,504.839
21759.6,275.214,257.297,532.511
21759.7,261.53,249.481,511.012
21759.8,244.899,234.584,479.482
21759.9,254.172,248.113,502.285
21760,292.33,292.472,584.801
21760.1,249.274,242.097,491.372
21760.2,252.831,243.217,496.047
21760.3,230.931,230.362,461.292
21760.4,250.603,245.44,496.043
21760.5,221.581,222.519,444.1
21760.6,273.235,260.571,533.806
21760.7,237.705,234.66,472.365
21760.8,251.325,244.248,495.573
21760.9,2485.44,1750.15,4235.59
21761,7432.52,3674.96,11107.5
21761.1,7362.28,3623,10985.3
21761.2,7437.47,3676.23,11113.7
21761.3,7485.34,3707.33,11192.7
21761.4,7406.47,3666.09,11072.6
21761.5,7367.47,3649.81,11017.3
21761.6,7398.41,3676.71,11075.1
21761.7,7480.35,3709.9,11190.2
21761.8,7346.14,3665.05,11011.2
21761.9,7430.68,3691.15,11121.8
21762,7494.97,3753.28,11248.2
21762.1,7390.66,3672.98,11063.6
21762.2,7415.09,3679.52,11094.6
21762.3,7407.03,3684.91,11091.9
21762.4,7336.11,3650.67,10986.8
21762.5,7447.83,3701.19,11149
21762.6,18656.9,9192.74,27849.6
21762.7,106.886,85.1046,191.99
21762.8,118.301,98.2822,216.584
21762.9,115.667,105.725,221.393
21763,171.364,158.542,329.906
21763.1,121.579,110.342,231.921
21763.2,97.5859,89.6839,187.27
21763.3,111.721,101.361,213.082
21763.4,97.4438,89.3498,186.794
21763.5,147.475,91.5808,239.056
21763.6,112.321,98.6091,210.93
21763.7,104.394,92.3917,196.786
21763.8,109.468,99.1398,208.607
21763.9,147.404,116.237,263.641
21764,233.987,204.442,438.429
21764.1,104.244,96.32,200.564
21764.2,126.715,109.735,236.45
21764.3,627.281,184.594,811.875
21764.4,809.428,431.46,1240.89
21764.5,550.366,463.121,1013.49
21764.6,506.888,348.591,855.479
21764.7,0,0,0
21764.8,0,0,0
21764.9,0,0,0
21765,0,0,0
21765.1,0,0,0
21765.2,0,0,0
21765.3,0,0,0
21765.4,0,0,0
21765.5,0,0,0
21765.6,0,0,0
21765.7,0,0,0
21765.8,0,0,0
21765.9,0,0,0
21766,0,0,0
21766.1,0,0,0
21766.2,0,0,0
21766.3,0,0,0
21766.4,0,0,0
21766.5,0,0,0
21766.6,0,0,0
21766.7,0,0,0
21766.8,0,0,0
21766.9,0,0,0
21767,0,0,0
21767.1,0,0,0
21767.2,0,0,0
21767.3,0,0,0
21767.4,0,0,0
21767.5,0,0,0
21767.6,0,0,0
21767.7,0,0,0
21767.8,0,0,0
21767.9,0,0,0
21768,0,0,0
21768.1,0,0,0
21768.2,0,0,0
21768.3,0,0,0
21768.4,0,0,0
21768.5,0,0,0
21768.6,0,0,0
21768.7,0,0,0
21768.8,0,0,0
21768.9,0,0,0
21769,0,0,0
21769.1,0,0,0
21769.2,0,0,0
21769.3,0,0,0
21769.4,0,0,0
21769.5,0,0,0
21769.6,0,0,0
21769.7,0,0,0
21769.8,0,0,0
21769.9,0,0,0
21770,0,0,0
21770.1,0,0,0
21770.2,0,0,0
21770.3,0,0,0
21770.4,0,0,0
21770.5,0,0,0
21770.6,0,0,0
21770.7,0,0,0
21770.8,0,0,0
21770.9,0,0,0
21771,0,0,0
21771.1,0,0,0
21771.2,0,0,0
21771.3,0,0,0
21771.4,0,0,0
21771.5,0,0,0
21771.6,0,0,0
21771.7,0,0,0
21771.8,0,0,0
21771.9,0,0,0
21772,0,0,0
21772.1,0,0,0
21772.2,0,0,0
21772.3,0,0,0
21772.4,0,0,0
21772.5,0,0,0
21772.6,0,0,0
21772.7,0,0,0
21772.8,0,0,0
21772.9,0,0,0
21773,0,0,0
21773.1,0,0,0
21773.2,0,0,0
21773.3,0,0,0
21773.4,0,0,0
21773.5,0,0,0
21773.6,0,0,0
21773.7,0,0,0
21773.8,0,0,0
21773.9,0,0,0
21774,0,0,0
21774.1,0,0,0
21774.2,0,0,0
21774.3,0,0,0
21774.4,0,0,0
21774.5,0,0,0
21774.6,0,0,0
21774.7,0,0,0
21774.8,0,0,0
21774.9,0,0,0
21775,0,0,0
21775.1,0,0,0
21775.2,0,0,0
21775.3,0,0,0
21775.4,0,0,0
21775.5,0,0,0
21775.6,0,0,0
21775.7,0,0,0
21775.8,0,0,0
21775.9,0,0,0
21776,0,0,0
21776.1,0,0,0
21776.2,0,0,0
21776.3,0,0,0
21776.4,0,0,0
21776.5,0,0,0
21776.6,0,0,0
21776.7,0,0,0
21776.8,0,0,0
21776.9,0,0,0
21777,0,0,0
21777.1,0,0,0
21777.2,0,0,0
21777.3,0,0,0
21777.4,0,0,0
21777.5,0,0,0
21777.6,0,0,0
21777.7,0,0,0
21777.8,0,0,0
21777.9,0,0,0
21778,0,0,0
21778.1,0,0,0
21778.2,0,0,0
21778.3,0,0,0
21778.4,0,0,0
21778.5,0,0,0
21778.6,0,0,0
21778.7,0,0,0
21778.8,0,0,0
21778.9,0,0,0
21779,0,0,0
21779.1,0,0,0
21779.2,0,0,0
21779.3,0,0,0
21779.4,0,0,0
21779.5,0,0,0
21779.6,0,0,0
21779.7,0,0,0
21779.8,0,0,0
21779.9,0,0,0
21780,0,0,0
21780.1,0,0,0
21780.2,0,0,0
21780.3,0,0,0
21780.4,0,0,0
21780.5,0,0,0
21780.6,0,0,0
21780.7,0,0,0
21780.8,0,0,0
21780.9,0,0,0
21781,0,0,0
21781.1,0,0,0
21781.2,0,0,0
21781.3,0,0,0
21781.4,0,0,0
21781.5,0,0,0
21781.6,0,0,0
21781.7,0,0,0
21781.8,0,0,0
21781.9,0,0,0
21782,0,0,0
21782.1,0,0,0
21782.2,0,0,0
21782.3,0,0,0
21782.4,0,0,0
21782.5,0,0,0
21782.6,0,0,0
21782.7,0,0,0
21782.8,0,0,0
21782.9,0,0,0
21783,0,0,0
21783.1,0,0,0
21783.2,0,0,0
21783.3,0,0,0
21783.4,0,0,0
21783.5,0,0,0
21783.6,0,0,0
21783.7,0,0,0
21783.8,0,0,0
21783.9,0,0,0
21784,0,0,0
21784.1,0,0,0
21784.2,0,0,0
21784.3,0,0,0
21784.4,0,0,0
21784.5,0,0,0
21784.6,0,0,0
21784.7,0,0,0
21784.8,0,0,0
21784.9,0,0,0
21785,0,0,0
21785.1,0,0,0
21785.2,0,0,0
21785.3,0,0,0
21785.4,0,0,0
21785.5,0,0,0
21785.6,0,0,0
21785.7,0,0,0
21785.8,0,0,0
21785.9,0,0,0
21786,0,0,0
21786.1,0,0,0
21786.2,0,0,0
21786.3,0,0,0
21786.4,0,0,0
21786.5,0,0,0
21786.6,0,0,0
21786.7,0,0,0
21786.8,0,0,0
21786.9,0,0,0
21787,0,0,0
21787.1,0,0,0
21787.2,0,0,0
21787.3,0,0,0
21787.4,0,0,0
21787.5,0,0,0
21787.6,0,0,0
21787.7,0,0,0
21787.8,0,0,0
21787.9,0,0,0
21788,0,0,0
21788.1,0,0,0
21788.2,0,0,0
21788.3,0,0,0
21788.4,0,0,0
21788.5,0,0,0
21788.6,0,0,0
21788.7,0,0,0
21788.8,0,0,0
21788.9,0,0,0
21789,0,0,0
21789.1,0,0,0
21789.2,0,0,0
21789.3,0,0,0
21789.4,0,0,0
21789.5,0,0,0
21789.6,0,0,0
21789.7,0,0,0
21789.8,0,0,0
21789.9,0,0,0
21790,0,0,0
21790.1,0,0,0
21790.2,0,0,0
21790.3,0,0,0
21790.4,0,0,0
21790.5,0,0,0
21790.6,0,0,0
21790.7,0,0,0
21790.8,0,0,0
21790.9,0,0,0
21791,0,0,0
21791.1,0,0,0
21791.2,0,0,0
21791.3,0,0,0
21791.4,0,0,0
21791.5,0,0,0
21791.6,0,0,0
21791.7,0,0,0
21791.8,0,0,0
21791.9,0,0,0
21792,0,0,0
21792.1,0,0,0
21792.2,0,0,0
21792.3,0,0,0
21792.4,0,0,0
21792.5,0,0,0
21792.6,0,0,0
21792.7,0,0,0
21792.8,0,0,0
21792.9,0,0,0
21793,0,0,0
21793.1,0,0,0
21793.2,0,0,0
21793.3,0,0,0
21793.4,0,0,0
21793.5,0,0,0
21793.6,0,0,0
21793.7,0,0,0
21793.8,0,0,0
21793.9,0,0,0
21794,0,0,0
21794.1,0,0,0
21794.2,0,0,0
21794.3,0,0,0
21794.4,0,0,0
21794.5,0,0,0
21794.6,0,0,0
21794.7,0,0,0
21794.8,0,0,0
21794.9,0,0,0
21795,0,0,0
21795.1,0,0,0
21795.2,0,0,0
21795.3,0,0,0
21795.4,0,0,0
21795.5,0,0,0
21795.6,0,0,0
21795.7,0,0,0
21795.8,0,0,0
21795.9,0,0,0
21796,0,0,0
21796.1,0,0,0
21796.2,0,0,0
21796.3,0,0,0
21796.4,0,0,0
21796.5,0,0,0
21796.6,0,0,0
21796.7,0,0,0
21796.8,0,0,0
21796.9,0,0,0
21797,0,0,0
21797.1,0,0,0
21797.2,0,0,0
21797.3,0,0,0
21797.4,0,0,0
21797.5,0,0,0
21797.6,0,0,0
21797.7,0,0,0
21797.8,0,0,0
21797.9,0,0,0
21798,0,0,0
21798.1,0,0,0
21798.2,0,0,0
21798.3,0,0,0
21798.4,0,0,0
21798.5,0,0,0
21798.6,0,0,0
21798.7,0,0,0
21798.8,0,0,0
21798.9,0,0,0
21799,0,0,0
21799.1,0,0,0
21799.2,0,0,0
21799.3,0,0,0
21799.4,0,0,0
21799.5,0,0,0
21799.6,0,0,0
21799.7,0,0,0
21799.8,0,0,0
21799.9,0,0,0
21800,0,0,0
21800.1,0,0,0
21800.2,0,0,0
21800.3,0,0,0
21800.4,0,0,0
21800.5,0,0,0
21800.6,0,0,0
21800.7,0,0,0
21800.8,0,0,0
21800.9,0,0,0
21801,0,0,0
21801.1,0,0,0
21801.2,0,0,0
21801.3,0,0,0
21801.4,0,0,0
21801.5,0,0,0
21801.6,0,0,0
21801.7,0,0,0
21801.8,0,0,0
21801.9,0,0,0
21802,0,0,0
21802.1,0,0,0
21802.2,0,0,0
21802.3,0,0,0
21802.4,0,0,0
21802.5,0,0,0
21802.6,0,0,0
21802.7,0,0,0
21802.8,0,0,0
21802.9,0,0,0
21803,0,0,0
21803.1,0,0,0
21803.2,0,0,0
21803.3,0,0,0
21803.4,0,0,0
21803.5,0,0,0
21803.6,0,0,0
21803.7,0,0,0
21803.8,0,0,0
21803.9,0,0,0
21804,0,0,0
21804.1,0,0,0
21804.2,0,0,0
21804.3,0,0,0
21804.4,0,0,0
21804.5,0,0,0
21804.6,0,0,0
21804.7,0,0,0
21804.8,0,0,0
21804.9,0,0,0
21805,0,0,0
21805.1,0,0,0
21805.2,0,0,0
21805.3,0,0,0
21805.4,0,0,0
21805.5,0,0,0
21805.6,0,0,0
21805.7,0,0,0
21805.8,0,0,0
21805.9,0,0,0
21806,0,0,0
21806.1,0,0,0
21806.2,0,0,0
21806.3,0,0,0
21806.4,0,0,0
21806.5,0,0,0
21806.6,0,0,0
21806.7,0,0,0
21806.8,0,0,0
21806.9,0,0,0
21807,0,0,0
21807.1,0,0,0
21807.2,0,0,0
21807.3,0,0,0
21807.4,0,0,0
21807.5,0,0,0
21807.6,0,0,0
21807.7,0,0,0
21807.8,0,0,0
21807.9,0,0,0
21808,0,0,0
21808.1,0,0,0
21808.2,0,0,0
21808.3,0,0,0
21808.4,0,0,0
21808.5,0,0,0
21808.6,0,0,0
21808.7,0,0,0
21808.8,0,0,0
21808.9,0,0,0
21809,0,0,0
21809.1,0,0,0
21809.2,0,0,0
21809.3,0,0,0
21809.4,0,0,0
21809.5,0,0,0
21809.6,0,0,0
21809.7,0,0,0
21809.8,0,0,0
21809.9,0,0,0
21810,0,0,0
21810.1,0,0,0
21810.2,0,0,0
21810.3,0,0,0
21810.4,0,0,0
21810.5,0,0,0
21810.6,0,0,0
21810.7,0,0,0
21810.8,0,0,0
21810.9,0,0,0
21811,0,0,0
21811.1,0,0,0
21811.2,0,0,0
21811.3,0,0,0
21811.4,0,0,0
21811.5,0,0,0
21811.6,0,0,0
21811.7,0,0,0
21811.8,0,0,0
21811.9,0,0,0
21812,0,0,0
21812.1,0,0,0
21812.2,0,0,0
21812.3,0,0,0
21812.4,0,0,0
21812.5,0,0,0
21812.6,0,0,0
21812.7,0,0,0
21812.8,0,0,0
21812.9,0,0,0
21813,0,0,0
21813.1,0,0,0
21813.2,0,0,0
21813.3,0,0,0
21813.4,0,0,0
21813.5,0,0,0
21813.6,0,0,0
21813.7,0,0,0
21813.8,0,0,0
21813.9,0,0,0
21814,0,0,0
21814.1,0,0,0
21814.2,0,0,0
21814.3,0,0,0
21814.4,0,0,0
21814.5,0,0,0
21814.6,0,0,0
21814.7,0,0,0
21814.8,0,0,0
21814.9,0,0,0
21815,0,0,0
21815.1,0,0,0
21815.2,0,0,0
21815.3,0,0,0
21815.4,0,0,0
21815.5,0,0,0
21815.6,0,0,0
21815.7,0,0,0
21815.8,0,0,0
21815.9,0,0,0
21816,0,0,0
21816.1,0,0,0
21816.2,0,0,0
21816.3,0,0,0
21816.4,0,0,0
21816.5,0,0,0
21816.6,0,0,0
21816.7,0,0,0
21816.8,0,0,0
21816.9,0,0,0
21817,0,0,0
21817.1,0,0,0
21817.2,0,0,0
21817.3,0,0,0
21817.4,0,0,0
21817.5,0,0,0
21817.6,0,0,0
21817.7,0,0,0
21817.8,0,0,0
21817.9,0,0,0
21818,0,0,0
21818.1,0,0,0
21818.2,0,0,0
21818.3,0,0,0
21818.4,0,0,0
21818.5,0,0,0
21818.6,0,0,0
21818.7,0,0,0
21818.8,0,0,0
21818.9,0,0,0
21819,0,0,0
21819.1,0,0,0
21819.2,0,0,0
21819.3,0,0,0
21819.4,0,0,0
21819.5,0,0,0
21819.6,0,0,0
21819.7,0,0,0
21819.8,0,0,0
21819.9,0,0,0
21820,0,0,0
21820.1,0,0,0
21820.2,0,0,0
21820.3,0,0,0
21820.4,0,0,0
21820.5,0,0,0
21820.6,0,0,0
21820.7,0,0,0
21820.8,0,0,0
21820.9,0,0,0
21821,0,0,0
21821.1,0,0,0
21821.2,0,0,0
21821.3,0,0,0
21821.4,0,0,0
21821.5,0,0,0
21821.6,0,0,0
21821.7,0,0,0
21821.8,0,0,0
21821.9,0,0,0
21822,0,0,0
21822.1,0,0,0
21822.2,0,0,0
21822.3,0,0,0
21822.4,0,0,0
21822.5,0,0,0
21822.6,0,0,0
21822.7,0,0,0
21822.8,0,0,0
21822.9,0,0,0
21823,0,0,0
21823.1,0,0,0
21823.2,0,0,0
21823.3,0,0,0
21823.4,0,0,0
21823.5,0,0,0
21823.6,0,0,0
21823.7,0,0,0
21823.8,0,0,0
21823.9,0,0,0
21824,0,0,0
21824.1,0,0,0
21824.2,0,0,0
21824.3,0,0,0
21824.4,0,0,0
21824.5,0,0,0
21824.6,0,0,0
21824.7,0,0,0
21824.8,0,0,0
21824.9,0,0,0
21825,0,0,0
21825.1,0,0,0
21825.2,0,0,0
21825.3,0,0,0
21825.4,0,0,0
21825.5,0,0,0
21825.6,0,0,0
21825.7,0,0,0
21825.8,0,0,0
21825.9,0,0,0
21826,0,0,0
21826.1,0,0,0
21826.2,0,0,0
21826.3,0,0,0
21826.4,0,0,0
21826.5,0,0,0
21826.6,0,0,0
21826.7,0,0,0
21826.8,0,0,0
21826.9,0,0,0
21827,0,0,0
21827.1,0,0,0
21827.2,0,0,0
21827.3,0,0,0
21827.4,0,0,0
21827.5,0,0,0
21827.6,0,0,0
21827.7,0,0,0
21827.8,0,0,0
21827.9,0,0,0
21828,0,0,0
21828.1,0,0,0
21828.2,0,0,0
21828.3,0,0,0
21828.4,0,0,0
21828.5,0,0,0
21828.6,0,0,0
21828.7,0,0,0
21828.8,0,0,0
21828.9,0,0,0
21829,0,0,0
21829.1,0,0,0
21829.2,0,0,0
21829.3,0,0,0
21829.4,0,0,0
21829.5,0,0,0
21829.6,0,0,0
21829.7,0,0,0
21829.8,0,0,0
21829.9,0,0,0
21830,0,0,0
21830.1,0,0,0
21830.2,0,0,0
21830.3,0,0,0
21830.4,0,0,0
21830.5,0,0,0
21830.6,0,0,0
21830.7,0,0,0
21830.8,0,0,0
21830.9,0,0,0
21831,0,0,0
21831.1,0,0,0
21831.2,0,0,0
21831.3,0,0,0
21831.4,0,0,0
21831.5,0,0,0
21831.6,0,0,0
21831.7,0,0,0
21831.8,0,0,0
21831.9,0,0,0
21832,0,0,0
21832.1,0,0,0
21832.2,0,0,0
21832.3,0,0,0
21832.4,0,0,0
21832.5,0,0,0
21832.6,0,0,0
21832.7,0,0,0
21832.8,0,0,0
21832.9,0,0,0
21833,0,0,0
21833.1,0,0,0
21833.2,0,0,0
21833.3,0,0,0
21833.4,0,0,0
21833.5,0,0,0
21833.6,0,0,0
21833.7,0,0,0
21833.8,0,0,0
21833.9,0,0,0
21834,0,0,0
21834.1,0,0,0
21834.2,0,0,0
21834.3,0,0,0
21834.4,0,0,0
21834.5,0,0,0
21834.6,0,0,0
21834.7,0,0,0
21834.8,0,0,0
21834.9,0,0,0
21835,0,0,0
21835.1,0,0,0
21835.2,0,0,0
21835.3,0,0,0
21835.4,0,0,0
21835.5,0,0,0
21835.6,0,0,0
21835.7,0,0,0
21835.8,0,0,0
21835.9,0,0,0
21836,0,0,0
21836.1,0,0,0
21836.2,0,0,0
21836.3,0,0,0
21836.4,0,0,0
21836.5,0,0,0
21836.6,0,0,0
21836.7,0,0,0
21836.8,0,0,0
21836.9,0,0,0
21837,0,0,0
21837.1,0,0,0
21837.2,0,0,0
21837.3,0,0,0
21837.4,0,0,0
21837.5,0,0,0
21837.6,0,0,0
21837.7,0,0,0
21837.8,0,0,0
21837.9,0,0,0
21838,0,0,0
21838.1,0,0,0
21838.2,0,0,0
21838.3,0,0,0
21838.4,0,0,0
21838.5,0,0,0
21838.6,0,0,0
21838.7,0,0,0
21838.8,0,0,0
21838.9,0,0,0
21839,0,0,0
21839.1,0,0,0
21839.2,0,0,0
21839.3,0,0,0
21839.4,0,0,0
21839.5,0,0,0
21839.6,0,0,0
21839.7,0,0,0
21839.8,0,0,0
21839.9,0,0,0
21840,0,0,0
21840.1,0,0,0
21840.2,0,0,0
21840.3,0,0,0
21840.4,0,0,0
21840.5,0,0,0
21840.6,0,0,0
21840.7,0,0,0
21840.8,0,0,0
21840.9,0,0,0
21841,0,0,0
21841.1,0,0,0
21841.2,0,0,0
21841.3,0,0,0
21841.4,0,0,0
21841.5,0,0,0
21841.6,0,0,0
21841.7,0,0,0
21841.8,0,0,0
21841.9,0,0,0
21842,0,0,0
21842.1,0,0,0
21842.2,0,0,0
21842.3,0,0,0
21842.4,0,0,0
21842.5,0,0,0
21842.6,0,0,0
21842.7,0,0,0
21842.8,0,0,0
21842.9,0,0,0
21843,0,0,0
21843.1,0,0,0
21843.2,0,0,0
21843.3,0,0,0
21843.4,0,0,0
21843.5,0,0,0
21843.6,0,0,0
21843.7,0,0,0
21843.8,0,0,0
21843.9,0,0,0
21844,0,0,0
21844.1,0,0,0
21844.2,0,0,0
21844.3,0,0,0
21844.4,0,0,0
21844.5,0,0,0
21844.6,0,0,0
21844.7,0,0,0
21844.8,0,0,0
21844.9,0,0,0
21845,0,0,0
21845.1,0,0,0
21845.2,0,0,0
21845.3,0,0,0
21845.4,0,0,0
21845.5,0,0,0
21845.6,0,0,0
21845.7,0,0,0
21845.8,0,0,0
21845.9,0,0,0
21846,0,0,0
21846.1,0,0,0
21846.2,0,0,0
21846.3,0,0,0
21846.4,0,0,0
21846.5,0,0,0
21846.6,0,0,0
21846.7,0,0,0
21846.8,0,0,0
21846.9,0,0,0
21847,0,0,0
21847.1,0,0,0
21847.2,0,0,0
21847.3,0,0,0
21847.4,0,0,0
21847.5,0,0,0
21847.6,0,0,0
21847.7,0,0,0
21847.8,0,0,0
21847.9,0,0,0
21848,0,0,0
21848.1,0,0,0
21848.2,0,0,0
21848.3,0,0,0
21848.4,0,0,0
21848.5,0,0,0
21848.6,0,0,0
21848.7,0,0,0
21848.8,0,0,0
21848.9,0,0,0
21849,0,0,0
21849.1,0,0,0
21849.2,0,0,0
21849.3,0,0,0
21849.4,0,0,0
21849.5,0,0,0
21849.6,0,0,0
21849.7,0,0,0
21849.8,0,0,0
21849.9,0,0,0
21850,0,0,0
21850.1,0,0,0
21850.2,0,0,0
21850.3,0,0,0
21850.4,0,0,0
21850.5,0,0,0
21850.6,0,0,0
21850.7,0,0,0
21850.8,0,0,0
21850.9,0,0,0
21851,0,0,0
21851.1,0,0,0
21851.2,0,0,0
21851.3,0,0,0
21851.4,0,0,0
21851.5,0,0,0
21851.6,0,0,0
21851.7,0,0,0
21851.8,0,0,0
21851.9,0,0,0
21852,0,0,0
21852.1,0,0,0
21852.2,0,0,0
21852.3,0,0,0
21852.4,0,0,0
21852.5,0,0,0
21852.6,0,0,0
21852.7,0,0,0
21852.8,0,0,0
21852.9,0,0,0
21853,0,0,0
21853.1,0,0,0
21853.2,0,0,0
21853.3,0,0,0
21853.4,0,0,0
21853.5,0,0,0
21853.6,0,0,0
21853.7,0,0,0
21853.8,0,0,0
21853.9,0,0,0
21854,0,0,0
21854.1,0,0,0
21854.2,0,0,0
21854.3,0,0,0
21854.4,0,0,0
21854.5,0,0,0
21854.6,0,0,0
21854.7,0,0,0
21854.8,0,0,0
21854.9,0,0,0
21855,0,0,0
21855.1,0,0,0
21855.2,0,0,0
21855.3,0,0,0
21855.4,0,0,0
21855.5,0,0,0
21855.6,0,0,0
21855.7,0,0,0
21855.8,0,0,0
21855.9,0,0,0
21856,0,0,0
21856.1,0,0,0
21856.2,0,0,0
21856.3,0,0,0
21856.4,0,0,0
21856.5,0,0,0
21856.6,0,0,0
21856.7,0,0,0
21856.8,0,0,0
21856.9,0,0,0
21857,0,0,0
21857.1,0,0,0
21857.2,0,0,0
21857.3,0,0,0
21857.4,0,0,0
21857.5,0,0,0
21857.6,0,0,0
21857.7,0,0,0
21857.8,0,0,0
21857.9,0,0,0
21858,0,0,0
21858.1,0,0,0
21858.2,0,0,0
21858.3,0,0,0
21858.4,0,0,0
21858.5,0,0,0
21858.6,0,0,0
21858.7,0,0,0
21858.8,0,0,0
21858.9,0,0,0
21859,0,0,0
21859.1,0,0,0
21859.2,0,0,0
21859.3,0,0,0
21859.4,0,0,0
21859.5,0,0,0
21859.6,0,0,0
21859.7,0,0,0
21859.8,0,0,0
21859.9,0,0,0
21860,0,0,0
21860.1,0,0,0
21860.2,0,0,0
21860.3,0,0,0
21860.5,0,0,0
21860.6,0,0,0
21860.7,0,0,0
21860.7,0,0,0
21860.9,0,0,0
21860.9,0,0,0
21861,0,0,0
21861.1,0,0,0
21861.2,0,0,0
21861.3,0,0,0
21861.4,0,0,0
21861.5,0,0,0
21861.6,0,0,0
21861.7,0,0,0
21861.8,0,0,0
21861.9,0,0,0
21862,0,0,0
21862.1,0,0,0
21862.2,0,0,0
21862.3,0,0,0
21862.4,0,0,0
21862.5,0,0,0
21862.6,0,0,0
21862.7,0,0,0
21862.8,0,0,0
21862.9,0,0,0
21863.1,0,0,0
21863.2,0,0,0
21863.3,0,0,0
21863.4,0,0,0
21863.5,0,0,0
21863.6,0,0,0
21863.7,0,0,0
21863.8,0,0,0
21863.8,0,0,0
21864,0,0,0
21864.1,0,0,0
21864.2,0,0,0
21864.3,0,0,0
21864.4,0,0,0
21864.5,0,0,0
21864.6,0,0,0
21864.7,0,0,0
21864.8,0,0,0
21864.9,0,0,0
21865,0,0,0
21865.1,0,0,0
21865.2,0,0,0
21865.3,0,0,0
21865.4,0,0,0
21865.5,0,0,0
21865.5,0,0,0
21865.7,0,0,0
21865.8,0,0,0
21865.9,0,0,0
21866,0,0,0
21866.1,0,0,0
21866.2,0,0,0
21866.3,0,0,0
21866.4,0,0,0
21866.5,0,0,0
21866.6,0,0,0
21866.7,0,0,0
21866.8,0,0,0
21866.9,0,0,0
21867,0,0,0
21867.1,0,0,0
21867.2,0,0,0
21867.3,0,0,0
21867.4,0,0,0
21867.5,0,0,0
21867.6,0,0,0
21867.7,0,0,0
21867.8,0,0,0
21867.9,0,0,0
21868,0,0,0
21868.1,0,0,0
21868.2,0,0,0
21868.3,0,0,0
21868.4,0,0,0
21868.5,0,0,0
21868.6,0,0,0
21868.7,0,0,0
21868.8,0,0,0
21868.9,0,0,0
21869,0,0,0
21869.1,0,0,0
21869.2,0,0,0
21869.3,0,0,0
21869.4,0,0,0
21869.5,0,0,0
21869.6,0,0,0
21869.7,0,0,0
21869.8,0,0,0
21869.9,0,0,0
21870,0,0,0
21870.1,0,0,0
21870.2,0,0,0
21870.3,0,0,0
21870.4,0,0,0
21870.5,0,0,0
21870.6,0,0,0
21870.7,0,0,0
21870.8,0,0,0
21870.9,0,0,0
21871,0,0,0
21871.1,0,0,0
21871.2,0,0,0
21871.3,0,0,0
21871.4,0,0,0
21871.5,0,0,0
21871.6,0,0,0
21871.7,0,0,0
21871.8,0,0,0
21871.9,0,0,0
21872,0,0,0
21872.1,0,0,0
21872.2,0,0,0
21872.3,0,0,0
21872.4,0,0,0
21872.5,0,0,0
21872.6,0,0,0
21872.7,0,0,0
21872.8,0,0,0
21872.9,0,0,0
21873,0,0,0
21873.1,0,0,0
21873.2,0,0,0
21873.3,0,0,0
21873.4,0,0,0
21873.5,0,0,0
21873.6,0,0,0
21873.7,0,0,0
21873.8,0,0,0
21873.9,0,0,0
21874,0,0,0
21874.1,0,0,0
21874.2,0,0,0
21874.3,0,0,0
21874.4,0,0,0
21874.5,0,0,0
21874.6,0,0,0
21874.7,0,0,0
21874.8,0,0,0
21874.9,0,0,0
21875,0,0,0
21875.1,0,0,0
21875.2,0,0,0
21875.3,0,0,0
21875.4,0,0,0
21875.5,0,0,0
21875.6,0,0,0
21875.7,0,0,0
21875.8,0,0,0
21875.9,0,0,0
21876,0,0,0
21876.1,0,0,0
21876.2,0,0,0
21876.3,0,0,0
21876.4,0,0,0
21876.5,0,0,0
21876.6,0,0,0
21876.7,0,0,0
21876.8,0,0,0
21876.9,0,0,0
21877,0,0,0
21877.1,0,0,0
21877.2,0,0,0
21877.3,0,0,0
21877.4,0,0,0
21877.5,0,0,0
21877.6,0,0,0
21877.7,0,0,0
21877.8,0,0,0
21877.9,0,0,0
21878,0,0,0
21878.1,0,0,0
21878.2,0,0,0
21878.3,0,0,0
21878.4,0,0,0
21878.5,0,0,0
21878.6,0,0,0
21878.7,0,0,0
21878.8,0,0,0
21878.9,0,0,0
21879,0,0,0
21879.1,0,0,0
21879.2,0,0,0
21879.3,0,0,0
21879.4,0,0,0
21879.5,0,0,0
21879.6,0,0,0
21879.7,0,0,0
21879.8,0,0,0
21879.9,0,0,0
21880,0,0,0
21880.1,0,0,0
21880.2,0,0,0
21880.3,0,0,0
21880.4,0,0,0
21880.5,0,0,0
21880.6,0,0,0
21880.7,0,0,0
21880.8,0,0,0
21880.9,0,0,0
21881,0,0,0
21881.1,0,0,0
21881.2,0,0,0
21881.3,0,0,0
21881.4,0,0,0
21881.5,0,0,0
21881.6,0,0,0
21881.7,0,0,0
21881.8,0,0,0
21881.9,0,0,0
21882,0,0,0
21882.1,0,0,0
21882.2,0,0,0
21882.3,0,0,0
21882.4,0,0,0
21882.5,0,0,0
21882.6,0,0,0
21882.7,0,0,0
21882.8,0,0,0
21882.9,0,0,0
21883,0,0,0
21883.1,0,0,0
21883.2,0,0,0
21883.3,0,0,0
21883.4,0,0,0
21883.5,0,0,0
21883.6,0,0,0
21883.7,0,0,0
21883.8,0,0,0
21883.9,0,0,0
21884,0,0,0
21884.1,0,0,0
21884.2,0,0,0
21884.3,0,0,0
21884.4,0,0,0
21884.5,0,0,0
21884.6,0,0,0
21884.7,0,0,0
21884.8,0,0,0
21884.9,0,0,0
21885,0,0,0
21885.1,0,0,0
21885.2,0,0,0
21885.3,0,0,0
21885.4,0,0,0
21885.5,0,0,0
21885.6,0,0,0
21885.7,0,0,0
21885.8,0,0,0
21885.9,0,0,0
21886,0,0,0
21886.1,0,0,0
21886.2,0,0,0
21886.3,0,0,0
21886.4,0,0,0
21886.5,0,0,0
21886.6,0,0,0
21886.7,0,0,0
21886.8,0,0,0
21886.9,0,0,0
21887,0,0,0
21887.1,0,0,0
21887.2,0,0,0
21887.3,0,0,0
21887.4,0,0,0
21887.5,0,0,0
21887.6,0,0,0
21887.7,0,0,0
21887.8,0,0,0
21887.9,0,0,0
21888,0,0,0
21888.1,0,0,0
21888.2,0,0,0
21888.3,0,0,0
21888.4,0,0,0
21888.5,0,0,0
21888.6,0,0,0
21888.7,0,0,0
21888.8,0,0,0
21888.9,0,0,0
21889,0,0,0
21889.1,0,0,0
21889.2,0,0,0
21889.3,0,0,0
21889.4,0,0,0
21889.5,0,0,0
21889.6,0,0,0
21889.7,0,0,0
21889.8,0,0,0
21889.9,0,0,0
21890,0,0,0
21890.1,0,0,0
21890.2,0,0,0
21890.3,0,0,0
21890.4,0,0,0
21890.5,0,0,0
21890.6,0,0,0
21890.7,0,0,0
21890.8,0,0,0
21890.9,0,0,0
21891,0,0,0
21891.1,0,0,0
21891.2,0,0,0
21891.3,0,0,0
21891.4,0,0,0
21891.5,0,0,0
21891.6,0,0,0
21891.7,0,0,0
21891.8,0,0,0
21891.9,0,0,0
21892,0,0,0
21892.1,0,0,0
21892.2,0,0,0
21892.3,0,0,0
21892.4,0,0,0
21892.5,0,0,0
21892.6,0,0,0
21892.7,0,0,0
21892.8,0,0,0
21892.9,0,0,0
21893,0,0,0
21893.1,0,0,0
21893.2,0,0,0
21893.3,0,0,0
21893.4,0,0,0
21893.5,0,0,0
21893.6,0,0,0
21893.7,0,0,0
21893.8,0,0,0
21893.9,0,0,0
21894,0,0,0
21894.1,0,0,0
21894.2,0,0,0
21894.3,0,0,0
21894.4,0,0,0
21894.5,0,0,0
21894.6,0,0,0
21894.7,0,0,0
21894.8,0,0,0
21894.9,0,0,0
21895,0,0,0
21895.1,0,0,0
21895.2,0,0,0
21895.3,0,0,0
21895.4,0,0,0
21895.5,0,0,0
21895.6,0,0,0
21895.7,0,0,0
21895.8,0,0,0
21895.9,0,0,0
21896,0,0,0
21896.1,0,0,0
21896.2,0,0,0
21896.3,0,0,0
21896.4,0,0,0
21896.5,0,0,0
21896.6,0,0,0
21896.7,0,0,0
21896.8,0,0,0
21896.9,0,0,0
21897,0,0,0
21897.1,0,0,0
21897.2,0,0,0
21897.3,0,0,0
21897.4,0,0,0
21897.5,0,0,0
21897.6,0,0,0
21897.7,0,0,0
21897.8,0,0,0
21897.9,0,0,0
21898,0,0,0
21898.1,0,0,0
21898.2,0,0,0
21898.3,0,0,0
21898.4,0,0,0
21898.5,0,0,0
21898.6,0,0,0
21898.7,0,0,0
21898.8,0,0,0
21898.9,0,0,0
21899,0,0,0
21899.1,0,0,0
21899.2,0,0,0
21899.3,0,0,0
21899.4,0,0,0
21899.5,0,0,0
21899.6,0,0,0
21899.7,0,0,0
21899.8,0,0,0
21899.9,0,0,0
21900,0,0,0
21900.1,0,0,0
21900.2,0,0,0
21900.3,0,0,0
21900.4,0,0,0
21900.5,0,0,0
21900.6,0,0,0
21900.7,0,0,0
21900.8,0,0,0
21900.9,0,0,0
21901,0,0,0
21901.1,0,0,0
21901.2,0,0,0
21901.3,0,0,0
21901.4,0,0,0
21901.5,0,0,0
21901.6,0,0,0
21901.7,0,0,0
21901.8,0,0,0
21901.9,0,0,0
21902,0,0,0
21902.1,0,0,0
21902.2,0,0,0
21902.3,0,0,0
21902.4,0,0,0
21902.5,0,0,0
21902.6,0,0,0
21902.7,0,0,0
21902.8,0,0,0
21902.9,0,0,0
21903,0,0,0
21903.1,0,0,0
21903.2,0,0,0
21903.3,0,0,0
21903.4,0,0,0
21903.5,0,0,0
21903.6,0,0,0
21903.7,0,0,0
21903.8,0,0,0
21903.9,0,0,0
21904,0,0,0
21904.1,0,0,0
21904.2,0,0,0
21904.3,0,0,0
21904.4,0,0,0
21904.5,0,0,0
21904.6,0,0,0
21904.7,0,0,0
21904.8,0,0,0
21904.9,0,0,0
21905,0,0,0
21905.1,0,0,0
21905.2,0,0,0
21905.3,0,0,0
21905.4,0,0,0
21905.5,0,0,0
21905.6,0,0,0
21905.7,0,0,0
21905.8,0,0,0
21905.9,0,0,0
21906,0,0,0
21906.1,0,0,0
21906.2,0,0,0
21906.3,0,0,0
21906.4,0,0,0
21906.5,0,0,0
21906.6,0,0,0
21906.7,0,0,0
21906.8,0,0,0
21906.9,0,0,0
21907,0,0,0
21907.1,0,0,0
21907.2,0,0,0
21907.3,0,0,0
21907.4,0,0,0
21907.5,0,0,0
21907.6,0,0,0
21907.7,0,0,0
21907.8,0,0,0
21907.9,0,0,0
21908,0,0,0
21908.1,0,0,0
21908.2,0,0,0
21908.3,0,0,0
21908.4,0,0,0
21908.5,0,0,0
21908.6,0,0,0
21908.7,0,0,0
21908.8,0,0,0
21908.9,0,0,0
21909,0,0,0
21909.1,0,0,0
21909.2,0,0,0
21909.3,0,0,0
21909.4,0,0,0
21909.5,0,0,0
21909.6,0,0,0
21909.7,0,0,0
21909.8,0,0,0
21909.9,0,0,0
21910,0,0,0
21910.1,0,0,0
21910.2,0,0,0
21910.3,0,0,0
21910.4,0,0,0
21910.5,0,0,0
21910.6,0,0,0
21910.7,0,0,0
21910.8,0,0,0
21910.9,0,0,0
21911,0,0,0
21911.1,0,0,0
21911.2,0,0,0
21911.3,0,0,0
21911.4,0,0,0
21911.5,0,0,0
21911.6,0,0,0
21911.7,0,0,0
21911.8,0,0,0
21911.9,0,0,0
21912,0,0,0
21912.1,0,0,0
21912.2,0,0,0
21912.3,0,0,0
21912.4,0,0,0
21912.5,0,0,0
21912.6,0,0,0
21912.7,0,0,0
21912.8,0,0,0
21912.9,0,0,0
21913,0,0,0
21913.1,0,0,0
21913.2,0,0,0
21913.3,0,0,0
21913.4,0,0,0
21913.5,0,0,0
21913.6,0,0,0
21913.7,0,0,0
21913.8,0,0,0
21913.9,0,0,0
21914,0,0,0
21914.1,0,0,0
21914.2,0,0,0
21914.3,0,0,0
21914.4,0,0,0
21914.5,0,0,0
21914.6,0,0,0
21914.7,0,0,0
21914.8,0,0,0
21914.9,0,0,0
21915,0,0,0
21915.1,0,0,0
21915.2,0,0,0
21915.3,0,0,0
21915.4,0,0,0
21915.5,0,0,0
21915.6,0,0,0
21915.7,0,0,0
21915.8,0,0,0
21915.9,0,0,0
21916,0,0,0
21916.1,0,0,0
21916.2,0,0,0
21916.3,0,0,0
21916.4,0,0,0
21916.5,0,0,0
21916.6,0,0,0
21916.7,0,0,0
21916.8,0,0,0
21916.9,0,0,0
21917,0,0,0
21917.1,0,0,0
21917.2,0,0,0
21917.3,0,0,0
21917.4,0,0,0
21917.5,0,0,0
21917.6,0,0,0
21917.7,0,0,0
21917.8,0,0,0
21917.9,0,0,0
21918,0,0,0
21918.1,0,0,0
21918.2,0,0,0
21918.3,0,0,0
21918.4,0,0,0
21918.5,0,0,0
21918.6,0,0,0
21918.7,0,0,0
21918.8,0,0,0
21918.9,0,0,0
21919,0,0,0
21919.1,0,0,0
21919.2,0,0,0
21919.3,0,0,0
21919.4,0,0,0
21919.5,0,0,0
21919.6,0,0,0
21919.7,0,0,0
21919.8,0,0,0
21919.9,0,0,0
21920,0,0,0
21920.1,0,0,0
21920.2,0,0,0
21920.3,0,0,0
21920.4,0,0,0
21920.5,0,0,0
21920.6,0,0,0
21920.7,0,0,0
21920.8,0,0,0
21920.9,0,0,0
21921,0,0,0
21921.1,0,0,0
21921.2,0,0,0
21921.3,0,0,0
21921.4,0,0,0
21921.5,0,0,0
21921.6,0,0,0
21921.7,0,0,0
21921.8,0,0,0
21921.9,0,0,0
21922,0,0,0
21922.1,0,0,0
21922.2,0,0,0
21922.3,0,0,0
21922.4,0,0,0
21922.5,0,0,0
21922.6,0,0,0
21922.7,0,0,0
21922.8,0,0,0
21922.9,0,0,0
21923,0,0,0
21923.1,0,0,0
21923.2,0,0,0
21923.3,0,0,0
21923.4,0,0,0
21923.5,0,0,0
21923.6,0,0,0
21923.7,0,0,0
21923.8,0,0,0
21923.9,0,0,0
21924,0,0,0
21924.1,0,0,0
21924.2,0,0,0
21924.3,0,0,0
21924.4,0,0,0
21924.5,0,0,0
21924.6,0,0,0
21924.7,0,0,0
21924.8,0,0,0
21924.9,0,0,0
21925,0,0,0
21925.1,0,0,0
21925.2,0,0,0
21925.3,0,0,0
21925.4,0,0,0
21925.5,0,0,0
21925.6,0,0,0
21925.7,0,0,0
21925.8,0,0,0
21925.9,0,0,0
21926,0,0,0
21926.1,0,0,0
21926.2,0,0,0
21926.3,0,0,0
21926.4,0,0,0
21926.5,0,0,0
21926.6,0,0,0
21926.7,0,0,0
21926.8,0,0,0
21926.9,0,0,0
21927,0,0,0
21927.1,0,0,0
21927.2,0,0,0
21927.3,0,0,0
21927.4,0,0,0
21927.5,0,0,0
21927.6,0,0,0
21927.7,0,0,0
21927.8,0,0,0
21927.9,0,0,0
21928,0,0,0
21928.1,0,0,0
21928.2,0,0,0
21928.3,0,0,0
21928.4,0,0,0
21928.5,0,0,0
21928.6,0,0,0
21928.7,0,0,0
21928.8,0,0,0
21928.9,0,0,0
21929,0,0,0
21929.1,0,0,0
21929.2,0,0,0
21929.3,0,0,0
21929.4,0,0,0
21929.5,0,0,0
21929.6,0,0,0
21929.7,0,0,0
21929.8,0,0,0
21929.9,0,0,0
21930,0,0,0
21930.1,0,0,0
21930.2,0,0,0
21930.3,0,0,0
21930.4,0,0,0
21930.5,0,0,0
21930.6,0,0,0
21930.7,0,0,0
21930.8,0,0,0
21930.9,0,0,0
21931,0,0,0
21931.1,0,0,0
21931.2,0,0,0
21931.3,0,0,0
21931.4,0,0,0
21931.5,0,0,0
21931.6,0,0,0
21931.7,0,0,0
21931.8,0,0,0
21931.9,0,0,0
21932,0,0,0
21932.1,0,0,0
21932.2,0,0,0
21932.3,0,0,0
21932.4,0,0,0
21932.5,0,0,0
21932.6,0,0,0
21932.7,0,0,0
21932.8,0,0,0
21932.9,0,0,0
21933,0,0,0
21933.1,0,0,0
21933.2,0,0,0
21933.3,0,0,0
21933.4,0,0,0
21933.5,0,0,0
21933.6,0,0,0
21933.7,0,0,0
21933.8,0,0,0
21933.9,0,0,0
21934,0,0,0
21934.1,0,0,0
21934.2,0,0,0
21934.3,0,0,0
21934.4,0,0,0
21934.5,0,0,0
21934.6,0,0,0
21934.7,0,0,0
21934.8,0,0,0
21934.9,0,0,0
21935,0,0,0
21935.1,0,0,0
21935.2,0,0,0
21935.3,0,0,0
21935.4,0,0,0
21935.5,0,0,0
21935.6,0,0,0
21935.7,0,0,0
21935.8,0,0,0
21935.9,0,0,0
21936,0,0,0
21936.1,0,0,0
21936.2,0,0,0
21936.3,0,0,0
21936.4,0,0,0
21936.5,0,0,0
21936.6,0,0,0
21936.7,0,0,0
21936.8,0,0,0
21936.9,0,0,0
21937,0,0,0
21937.1,0,0,0
21937.2,0,0,0
21937.3,0,0,0
21937.4,0,0,0
21937.5,0,0,0
21937.6,0,0,0
21937.7,0,0,0
21937.8,0,0,0
21937.9,0,0,0
21938,0,0,0
21938.1,0,0,0
21938.2,0,0,0
21938.3,0,0,0
21938.4,0,0,0
21938.5,0,0,0
21938.6,0,0,0
21938.7,0,0,0
21938.8,0,0,0
21938.9,0,0,0
21939,0,0,0
21939.1,0,0,0
21939.2,0,0,0
21939.3,0,0,0
21939.4,0,0,0
21939.5,0,0,0
21939.6,0,0,0
21939.7,0,0,0
21939.8,0,0,0
21939.9,0,0,0
21940,0,0,0
21940.1,0,0,0
21940.2,0,0,0
21940.3,0,0,0
21940.4,0,0,0
21940.5,0,0,0
21940.6,0,0,0
21940.7,0,0,0
21940.8,0,0,0
21940.9,0,0,0
21941,0,0,0
21941.1,0,0,0
21941.2,0,0,0
21941.3,0,0,0
21941.4,0,0,0
21941.5,0,0,0
21941.6,0,0,0
21941.7,0,0,0
21941.8,0,0,0
21941.9,0,0,0
21942,0,0,0
21942.1,0,0,0
21942.2,0,0,0
21942.3,0,0,0
21942.4,0,0,0
21942.5,0,0,0
21942.6,0,0,0
21942.7,0,0,0
21942.8,0,0,0
21942.9,0,0,0
21943,0,0,0
21943.1,0,0,0
21943.2,0,0,0
21943.3,0,0,0
21943.4,0,0,0
21943.5,0,0,0
21943.6,0,0,0
21943.7,0,0,0
21943.8,0,0,0
21943.9,0,0,0
21944,0,0,0
21944.1,0,0,0
21944.2,0,0,0
21944.3,0,0,0
21944.4,0,0,0
21944.5,0,0,0
21944.6,0,0,0
21944.7,0,0,0
21944.8,0,0,0
21944.9,0,0,0
21945,0,0,0
21945.1,0,0,0
21945.2,0,0,0
21945.3,0,0,0
21945.4,0,0,0
21945.5,0,0,0
21945.6,0,0,0
21945.7,0,0,0
21945.8,0,0,0
21945.9,0,0,0
21946,0,0,0
21946.1,0,0,0
21946.2,0,0,0
21946.3,0,0,0
21946.4,0,0,0
21946.5,0,0,0
21946.6,0,0,0
21946.7,0,0,0
21946.8,0,0,0
21946.9,0,0,0
21947,0,0,0
21947.1,0,0,0
21947.2,0,0,0
21947.3,0,0,0
21947.4,0,0,0
21947.5,0,0,0
21947.6,0,0,0
21947.7,0,0,0
21947.8,0,0,0
21947.9,0,0,0
21948,0,0,0
21948.1,0,0,0
21948.2,0,0,0
21948.3,0,0,0
21948.4,0,0,0
21948.5,0,0,0
21948.6,0,0,0
21948.7,0,0,0
21948.8,0,0,0
21948.9,0,0,0
21949,0,0,0
21949.1,0,0,0
21949.2,0,0,0
21949.3,0,0,0
21949.4,0,0,0
21949.5,0,0,0
21949.6,0,0,0
21949.7,0,0,0
21949.8,0,0,0
21949.9,0,0,0
21950,0,0,0
21950.1,0,0,0
21950.2,0,0,0
21950.3,0,0,0
21950.4,0,0,0
21950.5,0,0,0
21950.6,0,0,0
21950.7,0,0,0
21950.8,0,0,0
21950.9,0,0,0
21951,0,0,0
21951.1,0,0,0
21951.2,0,0,0
21951.3,0,0,0
21951.4,0,0,0
21951.5,0,0,0
21951.6,0,0,0
21951.7,0,0,0
21951.8,0,0,0
21951.9,0,0,0
21952,0,0,0
21952.1,0,0,0
21952.2,0,0,0
21952.3,0,0,0
21952.4,0,0,0
21952.5,0,0,0
21952.6,0,0,0
21952.7,0,0,0
21952.8,0,0,0
21952.9,0,0,0
21953,0,0,0
21953.1,0,0,0
21953.2,0,0,0
21953.3,0,0,0
21953.4,0,0,0
21953.5,0,0,0
21953.6,0,0,0
21953.7,0,0,0
21953.8,0,0,0
21953.9,0,0,0
21954,0,0,0
21954.1,0,0,0
21954.2,0,0,0
21954.3,0,0,0
21954.4,0,0,0
21954.5,0,0,0
21954.6,0,0,0
21954.7,0,0,0
21954.8,0,0,0
21954.9,0,0,0
21955,0,0,0
21955.1,0,0,0
21955.2,0,0,0
21955.3,0,0,0
21955.4,0,0,0
21955.5,0,0,0
21955.6,0,0,0
21955.7,0,0,0
21955.8,0,0,0
21955.9,0,0,0
21956,0,0,0
21956.1,0,0,0
21956.2,0,0,0
21956.3,0,0,0
21956.4,0,0,0
21956.5,0,0,0
21956.6,0,0,0
21956.7,0,0,0
21956.8,0,0,0
21956.9,0,0,0
21957,0,0,0
21957.1,0,0,0
21957.2,0,0,0
21957.3,0,0,0
21957.4,0,0,0
21957.5,0,0,0
21957.6,0,0,0
21957.7,0,0,0
21957.8,0,0,0
21957.9,0,0,0
21958,0,0,0
21958.1,0,0,0
21958.2,0,0,0
21958.3,0,0,0
21958.4,0,0,0
21958.5,0,0,0
21958.6,0,0,0
21958.7,0,0,0
21958.8,0,0,0
21958.9,0,0,0
21959,0,0,0
21959.1,0,0,0
21959.2,0,0,0
21959.3,0,0,0
21959.4,0,0,0
21959.5,0,0,0
21959.6,0,0,0
21959.7,0,0,0
21959.8,0,0,0
21959.9,0,0,0
21960,0,0,0
21960.1,0,0,0
21960.2,0,0,0
21960.3,0,0,0
21960.4,0,0,0
21960.5,0,0,0
21960.6,0,0,0
21960.7,0,0,0
21960.8,0,0,0
21960.9,0,0,0
21961,0,0,0
21961.1,0,0,0
21961.2,0,0,0
21961.3,0,0,0
21961.4,0,0,0
21961.5,0,0,0
21961.6,0,0,0
21961.7,0,0,0
21961.8,0,0,0
21961.9,0,0,0
21962,0,0,0
21962.1,0,0,0
21962.2,0,0,0
21962.3,0,0,0
21962.4,0,0,0
21962.5,0,0,0
21962.6,0,0,0
21962.7,0,0,0
21962.8,0,0,0
21962.9,0,0,0
21963,0,0,0
21963.1,0,0,0
21963.2,0,0,0
21963.3,0,0,0
21963.4,0,0,0
21963.5,0,0,0
21963.6,0,0,0
21963.7,0,0,0
21963.8,0,0,0
21963.9,0,0,0
21964,0,0,0
21964.1,0,0,0
21964.2,0,0,0
21964.3,0,0,0
21964.4,0,0,0
21964.5,0,0,0
21964.6,0,0,0
21964.7,0,0,0
21964.8,0,0,0
21964.9,0,0,0
21965,0,0,0
21965.1,0,0,0
21965.2,0,0,0
21965.3,0,0,0
21965.4,0,0,0
21965.5,0,0,0
21965.6,0,0,0
21965.7,0,0,0
21965.8,0,0,0
21965.9,0,0,0
21966,0,0,0
21966.1,0,0,0
21966.2,0,0,0
21966.3,0,0,0
21966.4,0,0,0
21966.5,0,0,0
21966.6,0,0,0
21966.7,0,0,0
21966.8,0,0,0
21966.9,0,0,0
21967,0,0,0
21967.1,0,0,0
21967.2,0,0,0
21967.3,0,0,0
21967.4,0,0,0
21967.5,0,0,0
21967.6,0,0,0
21967.7,0,0,0
21967.8,0,0,0
21967.9,0,0,0
21968,0,0,0
21968.1,0,0,0
21968.2,0,0,0
21968.3,0,0,0
21968.4,0,0,0
21968.5,0,0,0
21968.6,0,0,0
21968.7,0,0,0
21968.8,0,0,0
21968.9,0,0,0
21969,0,0,0
21969.1,0,0,0
21969.2,0,0,0
21969.3,0,0,0
21969.4,0,0,0
21969.5,0,0,0
21969.6,0,0,0
21969.7,0,0,0
21969.8,0,0,0
21969.9,0,0,0
21970,0,0,0
21970.1,0,0,0
21970.2,0,0,0
21970.3,0,0,0
21970.4,0,0,0
21970.5,0,0,0
21970.6,0,0,0
21970.7,0,0,0
21970.8,0,0,0
21970.9,0,0,0
21971,0,0,0
21971.1,0,0,0
21971.2,0,0,0
21971.3,0,0,0
21971.4,0,0,0
21971.5,0,0,0
21971.6,0,0,0
21971.7,0,0,0
21971.8,0,0,0
21971.9,0,0,0
21972,0,0,0
21972.1,0,0,0
21972.2,0,0,0
21972.3,0,0,0
21972.4,0,0,0
21972.5,0,0,0
21972.6,0,0,0
21972.7,0,0,0
21972.8,0,0,0
21972.9,0,0,0
21973,0,0,0
21973.1,0,0,0
21973.2,0,0,0
21973.3,0,0,0
21973.4,0,0,0
21973.5,0,0,0
21973.6,0,0,0
21973.7,0,0,0
21973.8,0,0,0
21973.9,0,0,0
21974,0,0,0
21974.1,0,0,0
21974.2,0,0,0
21974.3,0,0,0
21974.4,0,0,0
21974.5,0,0,0
21974.6,0,0,0
21974.7,0,0,0
21974.8,0,0,0
21974.9,0,0,0
21975,0,0,0
21975.1,0,0,0
21975.2,0,0,0
21975.3,0,0,0
21975.4,0,0,0
21975.5,0,0,0
21975.6,0,0,0
21975.7,0,0,0
21975.8,0,0,0
21975.9,0,0,0
21976,0,0,0
21976.1,0,0,0
21976.2,0,0,0
21976.3,0,0,0
21976.4,0,0,0
21976.5,0,0,0
21976.6,0,0,0
21976.7,0,0,0
21976.8,0,0,0
21976.9,0,0,0
21977,0,0,0
21977.1,0,0,0
21977.2,0,0,0
21977.3,0,0,0
21977.4,0,0,0
21977.5,0,0,0
21977.6,0,0,0
21977.7,0,0,0
21977.8,0,0,0
21977.9,0,0,0
21978,0,0,0
21978.1,0,0,0
21978.2,0,0,0
21978.3,0,0,0
21978.4,0,0,0
21978.5,0,0,0
21978.6,0,0,0
21978.7,0,0,0
21978.8,0,0,0
21978.9,0,0,0
21979,0,0,0
21979.1,0,0,0
21979.2,0,0,0
21979.3,0,0,0
21979.4,0,0,0
21979.5,0,0,0
21979.6,0,0,0
21979.7,0,0,0
21979.8,0,0,0
21979.9,0,0,0
21980,0,0,0
21980.1,0,0,0
21980.2,0,0,0
21980.3,0,0,0
21980.4,0,0,0
21980.5,0,0,0
21980.6,0,0,0
21980.7,0,0,0
21980.8,0,0,0
21980.9,0,0,0
21981,0,0,0
21981.1,0,0,0
21981.2,0,0,0
21981.3,0,0,0
21981.4,0,0,0
21981.5,0,0,0
21981.6,0,0,0
21981.7,0,0,0
21981.8,0,0,0
21981.9,0,0,0
21982,0,0,0
21982.1,0,0,0
21982.2,0,0,0
21982.3,0,0,0
21982.4,0,0,0
21982.5,0,0,0
21982.6,0,0,0
21982.7,0,0,0
21982.8,0,0,0
21982.9,0,0,0
21983,0,0,0
21983.1,0,0,0
21983.2,0,0,0
21983.3,0,0,0
21983.4,0,0,0
21983.5,0,0,0
21983.6,0,0,0
21983.7,0,0,0
21983.8,0,0,0
21983.9,0,0,0
21984,0,0,0
21984.1,0,0,0
21984.2,0,0,0
21984.3,0,0,0
21984.4,0,0,0
21984.5,0,0,0
21984.6,0,0,0
21984.7,0,0,0
21984.8,0,0,0
21984.9,0,0,0
21985,0,0,0
21985.1,0,0,0
21985.2,0,0,0
21985.3,0,0,0
21985.4,0,0,0
21985.5,0,0,0
21985.6,0,0,0
21985.7,0,0,0
21985.8,0,0,0
21985.9,0,0,0
21986,0,0,0
21986.1,0,0,0
21986.2,0,0,0
21986.3,0,0,0
21986.4,0,0,0
21986.5,0,0,0
21986.6,0,0,0
21986.7,0,0,0
21986.8,0,0,0
21986.9,0,0,0
21987,0,0,0
21987.1,0,0,0
21987.2,0,0,0
21987.3,0,0,0
21987.4,0,0,0
21987.5,0,0,0
21987.6,0,0,0
21987.7,0,0,0
21987.8,0,0,0
21987.9,0,0,0
21988,0,0,0
21988.1,0,0,0
21988.2,0,0,0
21988.3,0,0,0
21988.4,0,0,0
21988.5,0,0,0
21988.6,0,0,0
21988.7,0,0,0
21988.8,0,0,0
21988.9,0,0,0
21989,0,0,0
21989.1,0,0,0
21989.2,0,0,0
21989.3,0,0,0
21989.4,0,0,0
21989.5,0,0,0
21989.6,0,0,0
21989.7,0,0,0
21989.8,0,0,0
21989.9,0,0,0
21990,0,0,0
21990.1,0,0,0
21990.2,0,0,0
21990.3,0,0,0
21990.5,0,0,0
21990.5,0,0,0
21990.6,0,0,0
21990.7,0,0,0
21990.9,0,0,0
21990.9,0,0,0
21991.1,0,0,0
21991.2,0,0,0
21991.3,0,0,0
21991.4,0,0,0
21991.5,0,0,0
21991.6,0,0,0
21991.7,0,0,0
21991.8,0,0,0
21991.9,0,0,0
21992,0,0,0
21992.1,0,0,0
21992.2,0,0,0
21992.3,0,0,0
21992.4,0,0,0
21992.5,0,0,0
21992.6,0,0,0
21992.7,0,0,0
21992.8,0,0,0
21992.9,0,0,0
21993,0,0,0
21993.1,0,0,0
21993.2,0,0,0
21993.3,0,0,0
21993.4,0,0,0
21993.5,0,0,0
21993.6,0,0,0
21993.7,0,0,0
21993.8,0,0,0
21993.9,0,0,0
21994,0,0,0
21994.1,0,0,0
21994.2,0,0,0
21994.3,0,0,0
21994.4,0,0,0
21994.5,0,0,0
21994.6,0,0,0
21994.7,0,0,0
21994.8,0,0,0
21994.9,0,0,0
21995,0,0,0
21995.1,0,0,0
21995.2,0,0,0
21995.3,0,0,0
21995.4,0,0,0
21995.5,0,0,0
21995.6,0,0,0
21995.7,0,0,0
21995.8,0,0,0
21995.9,0,0,0
21996,0,0,0
21996.1,0,0,0
21996.2,0,0,0
21996.3,0,0,0
21996.4,0,0,0
21996.5,0,0,0
21996.6,0,0,0
21996.7,0,0,0
21996.8,0,0,0
21996.9,0,0,0
21997,0,0,0
21997.1,0,0,0
21997.2,0,0,0
21997.3,0,0,0
21997.4,0,0,0
21997.5,0,0,0
21997.6,0,0,0
21997.7,0,0,0
21997.8,0,0,0
21997.9,0,0,0
21998,0,0,0
21998.1,0,0,0
21998.2,0,0,0
21998.3,0,0,0
21998.4,0,0,0
21998.5,0,0,0
21998.6,0,0,0
21998.7,0,0,0
21998.8,0,0,0
21998.9,0,0,0
21999,0,0,0
21999.1,0,0,0
21999.2,0,0,0
21999.3,0,0,0
21999.4,0,0,0
21999.5,0,0,0
21999.6,0,0,0
21999.7,0,0,0
21999.8,0,0,0
21999.9,0,0,0
22000,0,0,0
22000.1,0,0,0
22000.2,0,0,0
22000.3,0,0,0
22000.4,0,0,0
22000.5,0,0,0
22000.6,0,0,0
22000.7,0,0,0
22000.8,0,0,0
22000.9,0,0,0
22001,0,0,0
22001.1,0,0,0
22001.2,0,0,0
22001.3,0,0,0
22001.4,0,0,0
22001.5,0,0,0
22001.6,0,0,0
22001.7,0,0,0
22001.8,0,0,0
22001.9,0,0,0
22002,0,0,0
22002.1,0,0,0
22002.2,0,0,0
22002.3,0,0,0
22002.4,0,0,0
22002.5,0,0,0
22002.6,0,0,0
22002.7,0,0,0
22002.8,0,0,0
22002.9,0,0,0
22003,0,0,0
22003.1,0,0,0
22003.2,0,0,0
22003.3,0,0,0
22003.4,0,0,0
22003.5,0,0,0
22003.6,0,0,0
22003.7,0,0,0
22003.8,0,0,0
22003.9,0,0,0
22004,0,0,0
22004.1,0,0,0
22004.2,0,0,0
22004.3,0,0,0
22004.4,0,0,0
22004.5,0,0,0
22004.6,0,0,0
22004.7,0,0,0
22004.8,0,0,0
22004.9,0,0,0
22005,0,0,0
22005.1,0,0,0
22005.2,0,0,0
22005.3,0,0,0
22005.4,0,0,0
22005.5,0,0,0
22005.6,0,0,0
22005.7,0,0,0
22005.8,0,0,0
22005.9,0,0,0
22006,0,0,0
22006.1,0,0,0
22006.2,0,0,0
22006.3,0,0,0
22006.4,0,0,0
22006.5,0,0,0
22006.6,0,0,0
22006.7,0,0,0
22006.8,0,0,0
22006.9,0,0,0
22007,0,0,0
22007.1,0,0,0
22007.2,0,0,0
22007.3,0,0,0
22007.4,0,0,0
22007.5,0,0,0
22007.6,0,0,0
22007.7,0,0,0
22007.8,0,0,0
22007.9,0,0,0
22008,0,0,0
22008.1,0,0,0
22008.2,0,0,0
22008.3,0,0,0
22008.4,0,0,0
22008.5,0,0,0
22008.6,0,0,0
22008.7,0,0,0
22008.8,0,0,0
22008.9,0,0,0
22009,0,0,0
22009.1,0,0,0
22009.2,0,0,0
22009.3,0,0,0
22009.4,0,0,0
22009.5,0,0,0
22009.6,0,0,0
22009.7,0,0,0
22009.8,0,0,0
22009.9,0,0,0
22010,0,0,0
22010.1,0,0,0
22010.2,0,0,0
22010.3,0,0,0
22010.4,0,0,0
22010.5,0,0,0
22010.6,0,0,0
22010.7,0,0,0
22010.8,0,0,0
22010.9,0,0,0
22011,0,0,0
22011.1,0,0,0
22011.2,0,0,0
22011.3,0,0,0
22011.4,0,0,0
22011.5,0,0,0
22011.6,0,0,0
22011.7,0,0,0
22011.8,0,0,0
22011.9,0,0,0
22012,0,0,0
22012.1,0,0,0
22012.2,0,0,0
22012.3,0,0,0
22012.4,0,0,0
22012.5,0,0,0
22012.6,0,0,0
22012.7,0,0,0
22012.8,0,0,0
22012.9,0,0,0
22013,0,0,0
22013.1,0,0,0
22013.2,0,0,0
22013.3,0,0,0
22013.4,0,0,0
22013.5,0,0,0
22013.6,0,0,0
22013.7,0,0,0
22013.8,0,0,0
22013.9,0,0,0
22014,0,0,0
22014.1,0,0,0
22014.2,0,0,0
22014.3,0,0,0
22014.4,0,0,0
22014.5,0,0,0
22014.6,0,0,0
22014.7,0,0,0
22014.8,0,0,0
22014.9,0,0,0
22015,0,0,0
22015.1,0,0,0
22015.2,0,0,0
22015.3,0,0,0
22015.4,0,0,0
22015.5,0,0,0
22015.6,0,0,0
22015.7,0,0,0
22015.8,0,0,0
22015.9,0,0,0
22016,0,0,0
22016.1,0,0,0
22016.2,0,0,0
22016.3,0,0,0
22016.4,0,0,0
22016.5,0,0,0
22016.6,0,0,0
22016.7,0,0,0
22016.8,0,0,0
22016.9,0,0,0
22017,0,0,0
22017.1,0,0,0
22017.2,0,0,0
22017.3,0,0,0
22017.4,0,0,0
22017.5,0,0,0
22017.6,0,0,0
22017.7,0,0,0
22017.8,0,0,0
22017.9,0,0,0
22018,0,0,0
22018.1,0,0,0
22018.2,0,0,0
22018.3,0,0,0
22018.4,0,0,0
22018.5,0,0,0
22018.6,0,0,0
22018.7,0,0,0
22018.8,0,0,0
22018.9,0,0,0
22019,0,0,0
22019.1,0,0,0
22019.2,0,0,0
22019.3,0,0,0
22019.4,0,0,0
22019.5,0,0,0
22019.6,0,0,0
22019.7,0,0,0
22019.8,0,0,0
22019.9,0,0,0
22020,0,0,0
22020.1,0,0,0
22020.2,0,0,0
22020.3,0,0,0
22020.4,0,0,0
22020.5,0,0,0
22020.6,0,0,0
22020.7,0,0,0
22020.8,0,0,0
22020.9,0,0,0
22021,0,0,0
22021.1,0,0,0
22021.2,0,0,0
22021.3,0,0,0
22021.4,0,0,0
22021.5,0,0,0
22021.6,0,0,0
22021.7,0,0,0
22021.8,0,0,0
22021.9,0,0,0
22022,0,0,0
22022.1,0,0,0
22022.2,0,0,0
22022.3,0,0,0
22022.4,0,0,0
22022.5,0,0,0
22022.6,0,0,0
22022.7,0,0,0
22022.8,0,0,0
22022.9,0,0,0
22023,0,0,0
22023.1,0,0,0
22023.2,0,0,0
22023.3,0,0,0
22023.4,0,0,0
22023.5,0,0,0
22023.6,0,0,0
22023.7,0,0,0
22023.8,0,0,0
22023.9,0,0,0
22024,0,0,0
22024.1,0,0,0
22024.2,0,0,0
22024.3,0,0,0
22024.4,0,0,0
22024.5,0,0,0
22024.6,0,0,0
22024.7,0,0,0
22024.8,0,0,0
22024.9,0,0,0
22025,0,0,0
22025.1,0,0,0
22025.2,0,0,0
22025.3,0,0,0
22025.4,0,0,0
22025.5,0,0,0
22025.6,0,0,0
22025.7,0,0,0
22025.8,0,0,0
22025.9,0,0,0
22026,0,0,0
22026.1,0,0,0
22026.2,0,0,0
22026.3,0,0,0
22026.4,0,0,0
22026.5,0,0,0
22026.6,0,0,0
22026.7,0,0,0
22026.8,0,0,0
22026.9,0,0,0
22027,0,0,0
22027.1,0,0,0
22027.2,0,0,0
22027.3,0,0,0
22027.4,0,0,0
22027.5,0,0,0
22027.6,0,0,0
22027.7,0,0,0
22027.8,0,0,0
22027.9,0,0,0
22028,0,0,0
22028.1,0,0,0
22028.2,0,0,0
22028.3,0,0,0
22028.4,0,0,0
22028.5,0,0,0
22028.6,0,0,0
22028.7,0,0,0
22028.8,0,0,0
22028.9,0,0,0
22029,0,0,0
22029.1,0,0,0
22029.2,0,0,0
22029.3,0,0,0
22029.4,0,0,0
22029.5,0,0,0
22029.6,0,0,0
22029.7,0,0,0
22029.8,0,0,0
22029.9,0,0,0
22030,0,0,0
22030.1,0,0,0
22030.2,0,0,0
22030.3,0,0,0
22030.4,0,0,0
22030.5,0,0,0
22030.6,0,0,0
22030.7,0,0,0
22030.8,0,0,0
22030.9,0,0,0
22031,0,0,0
22031.1,0,0,0
22031.2,0,0,0
22031.3,0,0,0
22031.4,0,0,0
22031.5,0,0,0
22031.6,0,0,0
22031.7,0,0,0
22031.8,0,0,0
22031.9,0,0,0
22032,0,0,0
22032.1,0,0,0
22032.2,0,0,0
22032.3,0,0,0
22032.4,0,0,0
22032.5,0,0,0
22032.6,0,0,0
22032.7,0,0,0
22032.8,0,0,0
22032.9,0,0,0
22033,0,0,0
22033.1,0,0,0
22033.2,0,0,0
22033.3,0,0,0
22033.4,0,0,0
22033.5,0,0,0
22033.6,0,0,0
22033.7,0,0,0
22033.8,0,0,0
22033.9,0,0,0
22034,0,0,0
22034.1,0,0,0
22034.2,0,0,0
22034.3,0,0,0
22034.4,0,0,0
22034.5,0,0,0
22034.6,0,0,0
22034.7,0,0,0
22034.8,0,0,0
22034.9,0,0,0
22035,0,0,0
22035.1,0,0,0
22035.2,0,0,0
22035.3,0,0,0
22035.4,0,0,0
22035.5,0,0,0
22035.6,0,0,0
22035.7,0,0,0
22035.8,0,0,0
22035.9,0,0,0
22036,0,0,0
22036.1,0,0,0
22036.2,0,0,0
22036.3,0,0,0
22036.4,0,0,0
22036.5,0,0,0
22036.6,0,0,0
22036.7,0,0,0
22036.8,0,0,0
22036.9,0,0,0
22037,0,0,0
22037.1,0,0,0
22037.2,0,0,0
22037.3,0,0,0
22037.4,0,0,0
22037.5,0,0,0
22037.6,0,0,0
22037.7,0,0,0
22037.8,0,0,0
22037.9,0,0,0
22038,0,0,0
22038.1,0,0,0
22038.2,0,0,0
22038.3,0,0,0
22038.4,0,0,0
22038.5,0,0,0
22038.6,0,0,0
22038.7,0,0,0
22038.8,0,0,0
22038.9,0,0,0
22039,0,0,0
22039.1,0,0,0
22039.2,0,0,0
22039.3,0,0,0
22039.4,0,0,0
22039.5,0,0,0
22039.6,0,0,0
22039.7,0,0,0
22039.8,0,0,0
22039.9,0,0,0
22040,0,0,0
22040.1,0,0,0
22040.2,0,0,0
22040.3,0,0,0
22040.4,0,0,0
22040.5,0,0,0
22040.6,0,0,0
22040.7,0,0,0
22040.8,0,0,0
22040.9,0,0,0
22041,0,0,0
22041.1,0,0,0
22041.2,0,0,0
22041.3,0,0,0
22041.4,0,0,0
22041.5,0,0,0
22041.6,0,0,0
22041.7,0,0,0
22041.8,0,0,0
22041.9,0,0,0
22042,0,0,0
22042.1,0,0,0
22042.2,0,0,0
22042.3,0,0,0
22042.4,0,0,0
22042.5,0,0,0
22042.6,0,0,0
22042.7,0,0,0
22042.8,0,0,0
22042.9,0,0,0
22043,0,0,0
22043.1,0,0,0
22043.2,0,0,0
22043.3,0,0,0
22043.4,0,0,0
22043.5,0,0,0
22043.6,0,0,0
22043.7,0,0,0
22043.8,0,0,0
22043.9,0,0,0
22044,0,0,0
22044.1,0,0,0
22044.2,0,0,0
22044.3,0,0,0
22044.4,0,0,0
22044.5,0,0,0
22044.6,0,0,0
22044.7,0,0,0
22044.8,0,0,0
22044.9,0,0,0
22045,0,0,0
22045.1,0,0,0
22045.2,0,0,0
22045.3,0,0,0
22045.4,0,0,0
22045.5,0,0,0
22045.6,0,0,0
22045.7,0,0,0
22045.8,0,0,0
22045.9,0,0,0
22046,0,0,0
22046.1,0,0,0
22046.2,0,0,0
22046.3,0,0,0
22046.4,0,0,0
22046.5,0,0,0
22046.6,0,0,0
22046.7,0,0,0
22046.8,0,0,0
22046.9,0,0,0
22047,0,0,0
22047.1,0,0,0
22047.2,0,0,0
22047.3,0,0,0
22047.4,0,0,0
22047.5,0,0,0
22047.6,0,0,0
22047.7,0,0,0
22047.8,0,0,0
22047.9,0,0,0
22048,0,0,0
22048.1,0,0,0
22048.2,0,0,0
22048.3,0,0,0
22048.4,0,0,0
22048.5,0,0,0
22048.6,0,0,0
22048.7,0,0,0
22048.8,0,0,0
22048.9,0,0,0
22049,0,0,0
22049.1,0,0,0
22049.2,0,0,0
22049.3,0,0,0
22049.4,0,0,0
22049.5,0,0,0
22049.6,0,0,0
22049.7,0,0,0
22049.8,0,0,0
22049.9,0,0,0
22050,0,0,0
22050.1,0,0,0
22050.2,0,0,0
22050.3,0,0,0
22050.4,0,0,0
22050.5,0,0,0
22050.6,0,0,0
22050.7,0,0,0
22050.8,0,0,0
22050.9,0,0,0
22051,0,0,0
22051.1,0,0,0
22051.2,0,0,0
22051.3,0,0,0
22051.4,0,0,0
22051.5,0,0,0
22051.6,0,0,0
22051.7,0,0,0
22051.8,0,0,0
22051.9,0,0,0
22052,0,0,0
22052.1,0,0,0
22052.2,0,0,0
22052.3,0,0,0
22052.4,0,0,0
22052.5,0,0,0
22052.6,0,0,0
22052.7,0,0,0
22052.8,0,0,0
22052.9,0,0,0
22053,0,0,0
22053.1,0,0,0
22053.2,0,0,0
22053.3,0,0,0
22053.4,0,0,0
22053.5,0,0,0
22053.6,0,0,0
22053.7,0,0,0
22053.8,0,0,0
22053.9,0,0,0
22054,0,0,0
22054.1,0,0,0
22054.2,0,0,0
22054.3,0,0,0
22054.4,0,0,0
22054.5,0,0,0
22054.6,0,0,0
22054.7,0,0,0
22054.8,0,0,0
22054.9,0,0,0
22055,0,0,0
22055.1,0,0,0
22055.2,0,0,0
22055.3,0,0,0
22055.4,0,0,0
22055.5,0,0,0
22055.6,0,0,0
22055.7,0,0,0
22055.8,0,0,0
22055.9,0,0,0
22056,0,0,0
22056.1,0,0,0
22056.2,0,0,0
22056.3,0,0,0
22056.4,0,0,0
22056.5,0,0,0
22056.6,0,0,0
22056.7,0,0,0
22056.8,0,0,0
22056.9,0,0,0
22057,0,0,0
22057.1,0,0,0
22057.2,0,0,0
22057.3,0,0,0
22057.4,0,0,0
22057.5,0,0,0
22057.6,0,0,0
22057.7,0,0,0
22057.8,0,0,0
22057.9,0,0,0
22058,0,0,0
22058.1,0,0,0
22058.2,0,0,0
22058.3,0,0,0
22058.4,0,0,0
22058.5,0,0,0
22058.6,0,0,0
22058.7,0,0,0
22058.8,0,0,0
22058.9,0,0,0
22059,0,0,0
22059.1,0,0,0
22059.2,0,0,0
22059.3,0,0,0
22059.4,0,0,0
22059.5,0,0,0
22059.6,0,0,0
22059.7,0,0,0
22059.8,0,0,0
22059.9,0,0,0
22060,0,0,0
22060.1,0,0,0
22060.2,0,0,0
22060.3,0,0,0
22060.4,0,0,0
22060.5,0,0,0
22060.6,0,0,0
22060.7,0,0,0
22060.8,0,0,0
22060.9,0,0,0
22061,0,0,0
22061.1,0,0,0
22061.2,0,0,0
22061.3,0,0,0
22061.4,0,0,0
22061.5,0,0,0
22061.6,0,0,0
22061.7,0,0,0
22061.8,0,0,0
22061.9,0,0,0
22062,0,0,0
22062.1,0,0,0
22062.2,0,0,0
22062.3,0,0,0
22062.4,0,0,0
22062.5,0,0,0
22062.6,0,0,0
22062.7,0,0,0
22062.8,0,0,0
22062.9,0,0,0
22063,0,0,0
22063.1,0,0,0
22063.2,0,0,0
22063.3,0,0,0
22063.4,0,0,0
22063.5,0,0,0
22063.6,0,0,0
22063.7,0,0,0
22063.8,0,0,0
22063.9,0,0,0
22064,0,0,0
22064.1,0,0,0
22064.2,0,0,0
22064.3,0,0,0
22064.4,0,0,0
22064.5,0,0,0
22064.6,0,0,0
22064.7,0,0,0
22064.8,0,0,0
22064.9,0,0,0
22065,0,0,0
22065.1,0,0,0
22065.2,0,0,0
22065.3,0,0,0
22065.4,0,0,0
22065.5,0,0,0
22065.6,0,0,0
22065.7,0,0,0
22065.8,0,0,0
22065.9,0,0,0
22066,0,0,0
22066.1,0,0,0
22066.2,0,0,0
22066.3,0,0,0
22066.4,0,0,0
22066.5,0,0,0
22066.6,0,0,0
22066.7,0,0,0
22066.8,0,0,0
22066.9,0,0,0
22067,0,0,0
22067.1,0,0,0
22067.2,0,0,0
22067.3,0,0,0
22067.4,0,0,0
22067.5,0,0,0
22067.6,0,0,0
22067.7,0,0,0
22067.8,0,0,0
22067.9,0,0,0
22068,0,0,0
22068.1,0,0,0
22068.2,0,0,0
22068.3,0,0,0
22068.4,0,0,0
22068.5,0,0,0
22068.6,0,0,0
22068.7,0,0,0
22068.8,0,0,0
22068.9,0,0,0
22069,0,0,0
22069.1,0,0,0
22069.2,0,0,0
22069.3,0,0,0
22069.4,0,0,0
22069.5,0,0,0
22069.6,0,0,0
22069.7,0,0,0
22069.8,0,0,0
22069.9,0,0,0
22070,0,0,0
22070.1,0,0,0
22070.2,0,0,0
22070.3,0,0,0
22070.4,0,0,0
22070.5,0,0,0
22070.6,0,0,0
22070.7,0,0,0
22070.8,0,0,0
22070.9,0,0,0
22071,0,0,0
22071.1,0,0,0
22071.2,0,0,0
22071.3,0,0,0
22071.4,0,0,0
22071.5,0,0,0
22071.6,0,0,0
22071.7,0,0,0
22071.8,0,0,0
22071.9,0,0,0
22072,0,0,0
22072.1,0,0,0
22072.2,0,0,0
22072.3,0,0,0
22072.4,0,0,0
22072.5,0,0,0
22072.6,0,0,0
22072.7,0,0,0
22072.8,0,0,0
22072.9,0,0,0
22073,0,0,0
22073.1,0,0,0
22073.2,0,0,0
22073.3,0,0,0
22073.4,0,0,0
22073.5,0,0,0
22073.6,0,0,0
22073.7,0,0,0
22073.8,0,0,0
22073.9,0,0,0
22074,0,0,0
22074.1,0,0,0
22074.2,0,0,0
22074.3,0,0,0
22074.4,0,0,0
22074.5,0,0,0
22074.6,0,0,0
22074.7,0,0,0
22074.8,0,0,0
22074.9,0,0,0
22075,0,0,0
22075.1,0,0,0
22075.2,0,0,0
22075.3,0,0,0
22075.4,0,0,0
22075.5,0,0,0
22075.6,0,0,0
22075.7,0,0,0
22075.8,0,0,0
22075.9,0,0,0
22076,0,0,0
22076.1,0,0,0
22076.2,0,0,0
22076.3,0,0,0
22076.4,0,0,0
22076.5,0,0,0
22076.6,0,0,0
22076.7,0,0,0
22076.8,0,0,0
22076.9,0,0,0
22077,0,0,0
22077.1,0,0,0
22077.2,0,0,0
22077.3,0,0,0
22077.4,0,0,0
22077.5,0,0,0
22077.6,0,0,0
22077.7,0,0,0
22077.8,0,0,0
22077.9,0,0,0
22078,0,0,0
22078.1,0,0,0
22078.2,0,0,0
22078.3,0,0,0
22078.4,0,0,0
22078.5,0,0,0
22078.6,0,0,0
22078.7,0,0,0
22078.8,0,0,0
22078.9,0,0,0
22079,0,0,0
22079.1,0,0,0
22079.2,0,0,0
22079.3,0,0,0
22079.4,0,0,0
22079.5,0,0,0
22079.6,0,0,0
22079.7,0,0,0
22079.8,0,0,0
22079.9,0,0,0
22080,0,0,0
22080.1,0,0,0
22080.2,0,0,0
22080.3,0,0,0
22080.4,0,0,0
22080.5,0,0,0
22080.6,0,0,0
22080.7,0,0,0
22080.8,0,0,0
22080.9,0,0,0
22081,0,0,0
22081.1,0,0,0
22081.2,0,0,0
22081.3,0,0,0
22081.4,0,0,0
22081.5,0,0,0
22081.6,0,0,0
22081.7,0,0,0
22081.8,0,0,0
22081.9,0,0,0
22082,0,0,0
22082.1,0,0,0
22082.2,0,0,0
22082.3,0,0,0
22082.4,0,0,0
22082.5,0,0,0
22082.6,0,0,0
22082.7,0,0,0
22082.8,0,0,0
22082.9,0,0,0
22083,0,0,0
22083.1,0,0,0
22083.2,0,0,0
22083.3,0,0,0
22083.4,0,0,0
22083.5,0,0,0
22083.6,0,0,0
22083.7,0,0,0
22083.8,0,0,0
22083.9,0,0,0
22084,0,0,0
22084.1,0,0,0
22084.2,0,0,0
22084.3,0,0,0
22084.4,0,0,0
22084.5,0,0,0
22084.6,0,0,0
22084.7,0,0,0
22084.8,0,0,0
22084.9,0,0,0
22085,0,0,0
22085.1,0,0,0
22085.2,0,0,0
22085.3,0,0,0
22085.4,0,0,0
22085.5,0,0,0
22085.6,0,0,0
22085.7,0,0,0
22085.8,0,0,0
22085.9,0,0,0
22086,0,0,0
22086.1,0,0,0
22086.2,0,0,0
22086.3,0,0,0
22086.4,0,0,0
22086.5,0,0,0
22086.6,0,0,0
22086.7,0,0,0
22086.8,0,0,0
22086.9,0,0,0
22087,0,0,0
22087.1,0,0,0
22087.2,0,0,0
22087.3,0,0,0
22087.4,0,0,0
22087.5,0,0,0
22087.6,0,0,0
22087.7,0,0,0
22087.8,0,0,0
22087.9,0,0,0
22088,0,0,0
22088.1,0,0,0
22088.2,0,0,0
22088.3,0,0,0
22088.4,0,0,0
22088.5,0,0,0
22088.6,0,0,0
22088.7,0,0,0
22088.8,0,0,0
22088.9,0,0,0
22089,0,0,0
22089.1,0,0,0
22089.2,0,0,0
22089.3,0,0,0
22089.4,0,0,0
22089.5,0,0,0
22089.6,0,0,0
22089.7,0,0,0
22089.8,0,0,0
22089.9,0,0,0
22090,0,0,0
22090.1,0,0,0
22090.2,0,0,0
22090.3,0,0,0
22090.4,0,0,0
22090.5,0,0,0
22090.6,0,0,0
22090.7,0,0,0
22090.8,0,0,0
22090.9,0,0,0
22091,0,0,0
22091.1,0,0,0
22091.2,0,0,0
22091.3,0,0,0
22091.4,0,0,0
22091.5,0,0,0
22091.6,0,0,0
22091.7,0,0,0
22091.8,0,0,0
22091.9,0,0,0
22092,0,0,0
22092.1,0,0,0
22092.2,0,0,0
22092.3,0,0,0
22092.4,0,0,0
22092.5,0,0,0
22092.6,0,0,0
22092.7,0,0,0
22092.8,0,0,0
22092.9,0,0,0
22093,0,0,0
22093.1,0,0,0
22093.2,0,0,0
22093.3,0,0,0
22093.4,0,0,0
22093.5,0,0,0
22093.6,0,0,0
22093.7,0,0,0
22093.8,0,0,0
22093.9,0,0,0
22094,0,0,0
22094.1,0,0,0
22094.2,0,0,0
22094.3,0,0,0
22094.4,0,0,0
22094.5,0,0,0
22094.6,0,0,0
22094.7,0,0,0
22094.8,0,0,0
22094.9,0,0,0
22095,0,0,0
22095.1,0,0,0
22095.2,0,0,0
22095.3,0,0,0
22095.4,0,0,0
22095.5,0,0,0
22095.6,0,0,0
22095.7,0,0,0
22095.8,0,0,0
22095.9,0,0,0
22096,0,0,0
22096.1,0,0,0
22096.2,0,0,0
22096.3,0,0,0
22096.4,0,0,0
22096.5,0,0,0
22096.6,0,0,0
22096.7,0,0,0
22096.8,0,0,0
22096.9,0,0,0
22097,0,0,0
22097.1,0,0,0
22097.2,0,0,0
22097.3,0,0,0
22097.4,0,0,0
22097.5,0,0,0
22097.6,0,0,0
22097.7,0,0,0
22097.8,0,0,0
22097.9,0,0,0
22098,0,0,0
22098.1,0,0,0
22098.2,0,0,0
22098.3,0,0,0
22098.4,0,0,0
22098.5,0,0,0
22098.6,0,0,0
22098.7,0,0,0
22098.8,0,0,0
22098.9,0,0,0
22099,0,0,0
22099.1,0,0,0
22099.2,0,0,0
22099.3,0,0,0
22099.4,0,0,0
22099.5,0,0,0
22099.6,0,0,0
22099.7,0,0,0
22099.8,0,0,0
22099.9,0,0,0
22100,0,0,0
22100.1,0,0,0
22100.2,0,0,0
22100.3,0,0,0
22100.4,0,0,0
22100.5,0,0,0
22100.6,0,0,0
22100.7,0,0,0
22100.8,0,0,0
22100.9,0,0,0
22101,0,0,0
22101.1,0,0,0
22101.2,0,0,0
22101.3,0,0,0
22101.4,0,0,0
22101.5,0,0,0
22101.6,0,0,0
22101.7,0,0,0
22101.8,0,0,0
22101.9,0,0,0
22102,0,0,0
22102.1,0,0,0
22102.2,0,0,0
22102.3,0,0,0
22102.4,0,0,0
22102.5,0,0,0
22102.6,0,0,0
22102.7,0,0,0
22102.8,0,0,0
22102.9,0,0,0
22103,0,0,0
22103.1,0,0,0
22103.2,0,0,0
22103.3,0,0,0
22103.4,0,0,0
22103.5,0,0,0
22103.6,0,0,0
22103.7,0,0,0
22103.8,0,0,0
22103.9,0,0,0
22104,0,0,0
22104.1,0,0,0
22104.2,0,0,0
22104.3,0,0,0
22104.4,0,0,0
22104.5,0,0,0
22104.6,0,0,0
22104.7,0,0,0
22104.8,0,0,0
22104.9,0,0,0
22105,0,0,0
22105.1,0,0,0
22105.2,0,0,0
22105.3,0,0,0
22105.4,0,0,0
22105.5,0,0,0
22105.6,0,0,0
22105.7,0,0,0
22105.8,0,0,0
22105.9,0,0,0
22106,0,0,0
22106.1,0,0,0
22106.2,0,0,0
22106.3,0,0,0
22106.4,0,0,0
22106.5,0,0,0
22106.6,0,0,0
22106.7,0,0,0
22106.8,0,0,0
22106.9,0,0,0
22107,0,0,0
22107.1,0,0,0
22107.2,0,0,0
22107.3,0,0,0
22107.4,0,0,0
22107.5,0,0,0
22107.6,0,0,0
22107.7,0,0,0
22107.8,0,0,0
22107.9,0,0,0
22108,0,0,0
22108.1,0,0,0
22108.2,0,0,0
22108.3,0,0,0
22108.4,0,0,0
22108.5,0,0,0
22108.6,0,0,0
22108.7,0,0,0
22108.8,0,0,0
22108.9,0,0,0
22109.1,0,0,0
22109.1,0,0,0
22109.2,0,0,0
22109.3,0,0,0
22109.5,0,0,0
22109.5,0,0,0
22109.7,0,0,0
22109.8,0,0,0
22109.9,0,0,0
22110,0,0,0
22110.1,0,0,0
22110.2,0,0,0
22110.3,0,0,0
22110.3,0,0,0
22110.5,0,0,0
22110.6,0,0,0
22110.7,0,0,0
22110.8,0,0,0
22110.9,0,0,0
22111,0,0,0
22111.1,0,0,0
22111.2,0,0,0
22111.3,0,0,0
22111.4,0,0,0
22111.5,0,0,0
22111.6,0,0,0
22111.7,0,0,0
22111.8,0,0,0
22111.9,0,0,0
22112,0,0,0
22112.1,0,0,0
22112.2,0,0,0
22112.3,0,0,0
22112.4,0,0,0
22112.5,0,0,0
22112.6,0,0,0
22112.7,0,0,0
22112.8,0,0,0
22112.9,0,0,0
22113,0,0,0
22113.1,0,0,0
22113.2,0,0,0
22113.3,0,0,0
22113.4,0,0,0
22113.5,0,0,0
22113.6,0,0,0
22113.7,0,0,0
22113.8,0,0,0
22113.9,0,0,0
22114,0,0,0
22114.1,0,0,0
22114.2,0,0,0
22114.3,0,0,0
22114.4,0,0,0
22114.5,0,0,0
22114.6,0,0,0
22114.7,0,0,0
22114.8,0,0,0
22114.9,0,0,0
22115,0,0,0
22115.1,0,0,0
22115.2,0,0,0
22115.3,0,0,0
22115.4,0,0,0
22115.5,0,0,0
22115.6,0,0,0
22115.7,0,0,0
22115.8,0,0,0
22115.9,0,0,0
22116,0,0,0
22116.1,0,0,0
22116.2,0,0,0
22116.3,0,0,0
22116.4,0,0,0
22116.5,0,0,0
22116.6,0,0,0
22116.7,0,0,0
22116.8,0,0,0
22116.9,0,0,0
22117,0,0,0
22117.1,0,0,0
22117.2,0,0,0
22117.3,0,0,0
22117.4,0,0,0
22117.5,0,0,0
22117.6,0,0,0
22117.7,0,0,0
22117.8,0,0,0
22117.9,0,0,0
22118,0,0,0
22118.1,0,0,0
22118.2,0,0,0
22118.3,0,0,0
22118.4,0,0,0
22118.5,0,0,0
22118.6,0,0,0
22118.7,0,0,0
22118.8,0,0,0
22118.9,0,0,0
22119,0,0,0
22119.1,0,0,0
22119.2,0,0,0
22119.3,0,0,0
22119.4,0,0,0
22119.5,0,0,0
22119.6,0,0,0
22119.7,0,0,0
22119.8,0,0,0
22119.9,0,0,0
22120,0,0,0
22120.1,0,0,0
22120.2,0,0,0
22120.3,0,0,0
22120.4,0,0,0
22120.5,0,0,0
22120.6,0,0,0
22120.7,0,0,0
22120.8,0,0,0
22120.9,0,0,0
22121,0,0,0
22121.1,0,0,0
22121.2,0,0,0
22121.3,0,0,0
22121.4,0,0,0
22121.5,0,0,0
22121.6,0,0,0
22121.7,0,0,0
22121.8,0,0,0
22121.9,0,0,0
22122,0,0,0
22122.1,0,0,0
22122.2,0,0,0
22122.3,0,0,0
22122.4,0,0,0
22122.5,0,0,0
22122.6,0,0,0
22122.7,0,0,0
22122.8,0,0,0
22122.9,0,0,0
22123,0,0,0
22123.1,0,0,0
22123.2,0,0,0
22123.3,0,0,0
22123.4,0,0,0
22123.5,0,0,0
22123.6,0,0,0
22123.7,0,0,0
22123.8,0,0,0
22123.9,0,0,0
22124,0,0,0
22124.1,0,0,0
22124.2,0,0,0
22124.3,0,0,0
22124.4,0,0,0
22124.5,0,0,0
22124.6,0,0,0
22124.7,0,0,0
22124.8,0,0,0
22124.9,0,0,0
22125,0,0,0
22125.1,0,0,0
22125.2,0,0,0
22125.3,0,0,0
22125.4,0,0,0
22125.5,0,0,0
22125.6,0,0,0
22125.7,0,0,0
22125.8,0,0,0
22125.9,0,0,0
22126,0,0,0
22126.1,0,0,0
22126.2,0,0,0
22126.3,0,0,0
22126.4,0,0,0
22126.5,0,0,0
22126.6,0,0,0
22126.7,0,0,0
22126.8,0,0,0
22126.9,0,0,0
22127,0,0,0
22127.1,0,0,0
22127.2,0,0,0
22127.3,0,0,0
22127.4,0,0,0
22127.5,0,0,0
22127.6,0,0,0
22127.7,0,0,0
22127.8,0,0,0
22127.9,0,0,0
22128,0,0,0
22128.1,0,0,0
22128.2,0,0,0
22128.3,0,0,0
22128.4,0,0,0
22128.5,0,0,0
22128.6,0,0,0
22128.7,0,0,0
22128.8,0,0,0
22128.9,0,0,0
22129,0,0,0
22129.1,0,0,0
22129.2,0,0,0
22129.3,0,0,0
22129.4,0,0,0
22129.5,0,0,0
22129.6,0,0,0
22129.7,0,0,0
22129.8,0,0,0
22129.9,0,0,0
22130,0,0,0
22130.1,0,0,0
22130.2,0,0,0
22130.3,0,0,0
22130.4,0,0,0
22130.5,0,0,0
22130.6,0,0,0
22130.7,0,0,0
22130.8,0,0,0
22130.9,0,0,0
22131,0,0,0
22131.1,0,0,0
22131.2,0,0,0
22131.3,0,0,0
22131.4,0,0,0
22131.5,0,0,0
22131.6,0,0,0
22131.7,0,0,0
22131.8,0,0,0
22131.9,0,0,0
22132,0,0,0
22132.1,0,0,0
22132.2,0,0,0
22132.3,0,0,0
22132.4,0,0,0
22132.5,0,0,0
22132.6,0,0,0
22132.7,0,0,0
22132.8,0,0,0
22132.9,0,0,0
22133,0,0,0
22133.1,0,0,0
22133.2,0,0,0
22133.3,0,0,0
22133.4,0,0,0
22133.5,0,0,0
22133.6,0,0,0
22133.7,0,0,0
22133.8,0,0,0
22133.9,0,0,0
22134,0,0,0
22134.1,0,0,0
22134.2,0,0,0
22134.3,0,0,0
