Time (s),GPU 0 Power (W),GPU 1 Power (W),GPU 2 Power (W),GPU 3 Power (W)
0.10018253326416016,57.23,54.67,54.71,56.17
0.28517961502075195,57.23,54.66,54.61,55.97
0.5002825260162354,57.23,54.67,54.71,56.17
0.6804797649383545,57.13,54.67,54.61,55.98
0.8911230564117432,57.13,54.57,54.61,56.17
1.0935888290405273,57.23,54.78,54.51,55.98
1.2742164134979248,57.13,54.57,54.61,56.07
1.456761360168457,57.23,54.57,54.79,56.17
1.6463348865509033,57.23,54.57,54.61,56.17
1.8292076587677002,57.23,54.57,54.51,55.89
1.9987804889678955,57.03,54.67,54.6,56.17
2.178816080093384,57.13,54.57,54.61,56.17
2.3546035289764404,57.13,54.57,54.61,55.88
2.555520534515381,57.13,54.47,54.61,56.07
2.7361178398132324,57.23,54.47,54.61,56.17
2.9152095317840576,57.03,54.57,54.51,56.17
3.094620943069458,57.03,54.57,54.5,56.07
3.2917158603668213,57.03,54.47,54.61,56.17
3.472378730773926,57.03,54.57,54.71,55.79
3.649998426437378,57.03,54.47,54.7,55.96
3.8275842666625977,57.03,54.57,54.51,56.17
4.022121429443359,57.13,54.47,54.61,56.07
4.221149206161499,57.03,54.47,54.51,55.79
4.411464214324951,57.03,54.57,54.51,56.06
4.610976457595825,57.03,54.47,54.61,56.07
4.832154989242554,57.03,54.57,54.51,56.07
5.012904167175293,57.03,54.57,54.51,56.17
5.1942737102508545,57.03,54.47,54.6,56.06
5.376373767852783,56.94,54.47,54.51,55.98
5.557677745819092,57.03,54.37,54.51,55.69
5.738668203353882,56.94,54.47,54.51,55.99
5.917473316192627,56.94,54.37,54.49,56.09
6.0986974239349365,57.03,54.47,54.51,55.98
6.298985004425049,56.95,54.47,54.51,56.09
6.481553792953491,56.95,54.29,54.21,55.99
6.662122011184692,56.95,54.29,54.61,55.99
6.8420586585998535,56.85,54.38,54.11,55.99
7.091192960739136,56.95,54.18,54.51,56.09
7.2674620151519775,57.04,54.38,54.11,55.99
7.461056232452393,56.95,54.37,54.42,56.09
7.639026403427124,56.85,54.28,54.42,55.99
7.850017070770264,56.85,54.39,54.1,56.09
8.029174089431763,56.85,54.37,54.51,55.99
8.223715543746948,56.95,54.47,54.51,55.79
8.409836292266846,56.85,54.37,54.42,55.99
8.589839458465576,56.84,54.18,54.48,55.95
8.790973663330078,56.85,54.39,54.51,55.99
8.992230892181396,56.85,54.28,54.31,55.99
9.186962366104126,56.74,54.28,54.42,55.99
9.388642072677612,56.85,54.19,54.51,55.7
9.579731464385986,56.85,54.39,54.42,55.79
9.758992433547974,56.74,54.18,54.32,55.99
9.936910152435303,56.85,54.28,54.42,55.99
10.131310939788818,56.85,54.25,54.31,55.66
10.355693340301514,56.75,54.18,54.42,55.89
10.555378198623657,56.85,54.39,54.51,55.99
10.823787450790405,56.85,54.28,54.89,56.18
11.095274448394775,76.46,54.18,54.51,55.89
11.299925804138184,77.02,70.05,54.21,55.88
11.50860595703125,77.61,73.67,75.94,55.96
11.700506687164307,77.88,73.67,74.36,76.73
11.888896226882935,79.48,73.38,74.75,77.03
12.062855243682861,79.38,73.76,74.75,77.03
12.228824377059937,80.57,73.47,74.75,76.52
12.399525165557861,78.01,76.32,74.75,76.81
12.566107749938965,77.69,76.31,74.65,76.5
12.739135026931763,77.71,74.06,74.75,77.21
12.908438205718994,78.49,73.57,76.73,76.73
13.08223819732666,77.4,73.75,77.91,76.73
13.253498315811157,77.8,74.65,77.91,77.13
13.429009437561035,77.71,73.76,74.55,78.27
13.63877272605896,77.91,73.36,74.84,78.95
13.813258409500122,78.69,73.57,74.84,78.86
13.986401081085205,77.79,73.47,74.85,76.62
14.194307804107666,77.99,73.47,74.65,76.62
14.388936519622803,78.11,73.67,74.65,76.72
14.568573236465454,77.9,73.67,74.55,76.7
14.738603830337524,77.9,73.47,74.85,76.73
14.89797043800354,77.8,73.55,74.65,76.52
15.066084384918213,77.8,73.47,74.55,76.83
15.225541114807129,77.71,73.37,74.85,76.62
15.402685165405273,77.99,73.47,75.34,76.52
15.583070278167725,77.8,74.26,74.65,76.73
15.754279851913452,77.71,73.67,74.75,76.52
15.914576053619385,78.3,73.46,74.94,76.62
16.08659791946411,78.7,73.47,74.46,76.52
16.273864269256592,77.71,73.57,74.65,77.42
16.445229291915894,77.82,73.67,74.46,76.83
16.64159631729126,77.61,73.37,74.94,76.62
16.808738470077515,77.91,73.57,74.55,76.43
16.97795081138611,77.8,73.67,74.55,77.12
17.14897656440735,77.9,73.67,74.65,76.62
17.36606788635254,77.61,73.76,74.55,76.72
17.555274486541748,77.82,73.37,75.23,77.68
17.734510898590088,78.3,73.47,74.75,76.81
17.905959367752075,78.2,73.28,74.65,76.62
18.096323013305664,77.71,73.65,74.46,76.52
18.266227960586548,77.88,73.28,74.65,76.81
18.436591863632202,77.99,73.67,74.75,76.72
18.608906269073486,77.9,73.47,74.55,76.62
18.777857065200806,77.88,73.37,74.55,76.62
18.94646382331848,77.91,73.47,74.94,76.62
19.116678714752197,77.88,73.37,74.55,76.52
19.303122758865356,77.8,73.86,74.65,76.73
19.474247217178345,77.79,73.55,74.55,76.72
19.645657777786255,77.9,73.47,74.75,76.62
19.819222688674927,78.2,73.37,74.75,76.5
20.009972095489502,78.39,73.57,74.55,76.73
20.201788902282715,77.8,73.75,74.65,76.63
20.372660160064697,77.57,73.46,74.46,76.58
20.54495644569397,78.21,73.37,74.85,76.43
20.721805334091187,78.01,73.57,74.65,76.52
20.89131784439087,77.8,73.57,74.46,76.72
21.067530632019043,77.82,73.47,74.75,76.62
21.237752437591553,78.1,73.28,74.65,76.62
21.407828330993652,77.8,73.67,74.55,76.52
21.57879114151001,77.9,73.76,74.65,76.83
21.76875948905945,77.8,73.47,74.55,76.52
21.9394268989563,78.39,73.57,74.55,76.62
22.110583543777466,77.8,73.76,74.75,76.62
22.27947211265564,77.8,73.37,74.65,77.7
22.455440998077393,77.79,73.67,74.75,75.94
22.646336793899536,77.99,73.47,75.54,75.94
22.816532611846924,77.8,73.85,74.75,75.94
22.98680830001831,77.61,73.46,74.65,75.94
23.156864643096924,77.91,73.47,74.75,76.04
23.33511447906494,78.78,73.47,74.65,75.74
23.504849433898926,77.8,73.67,74.55,76.33
23.678730487823486,77.79,73.28,74.55,76.04
23.867135524749756,77.71,73.47,74.65,75.84
24.04195523262024,77.88,73.47,74.46,75.94
24.21202278137207,77.61,73.67,74.55,76.83
24.381864070892334,77.9,73.76,74.55,75.94
24.587806940078735,77.9,73.76,74.46,76.23
24.774544954299927,77.59,73.47,74.65,76.04
24.963889360427856,78.69,73.18,74.65,75.94
25.13102102279663,77.71,73.67,74.55,76.13
25.303946256637573,78.01,74.14,74.55,76.33
25.47649049758911,77.79,73.55,75.14,76.04
25.64739155769348,78.39,73.28,74.55,76.04
25.83478045463562,78.1,73.47,74.55,75.94
26.0308780670166,77.79,73.76,74.55,75.94
26.19993758201599,77.82,73.47,74.65,76.23
26.371755361557007,77.9,73.37,74.65,75.84
26.558892965316772,77.69,73.28,75.04,76.04
26.75067687034607,78.39,73.36,74.46,76.04
26.91918635368347,77.82,73.65,74.65,76.13
27.095189809799194,77.8,73.67,74.65,76.04
27.26302456855774,77.99,73.38,74.55,75.74
27.434473752975464,77.8,73.75,74.65,76.04
27.60424494743347,77.9,73.47,74.65,75.94
27.776070833206177,77.61,73.47,75.04,75.84
27.96307945251465,78.22,73.47,74.75,75.94
28.137001991271973,77.99,73.47,74.65,75.84
28.31973648071289,77.9,73.67,74.65,76.04
28.50520944595337,77.69,73.57,75.34,76.04
28.67899250984192,77.8,73.18,75.15,75.94
28.867058515548706,77.79,73.37,74.55,75.84
29.040562391281128,77.82,73.67,74.65,76.04
29.2099769115448,77.59,73.47,74.46,76.72
29.403180360794067,77.79,74.55,74.65,76.13
29.593016147613525,77.69,73.38,74.75,75.84
29.765390157699585,77.9,73.37,74.55,76.04
29.934930562973022,77.9,73.38,74.46,76.04
30.10662531852722,77.71,73.18,74.75,75.84
30.275446891784668,78.01,73.47,74.65,75.74
30.449776887893677,77.79,73.76,74.65,76.13
30.61983060836792,77.79,73.47,74.55,75.94
30.83053207397461,77.9,73.55,74.55,76.23
30.99904751777649,77.79,73.47,74.85,75.94
31.17074203491211,78.2,73.18,74.65,75.84
31.33928608894348,77.61,73.57,74.65,76.23
31.51435947418213,77.69,73.47,75.15,75.84
31.68698763847351,77.91,73.47,74.75,75.74
31.875714540481567,77.8,73.57,74.75,75.84
32.04907941818237,77.9,73.47,74.46,75.74
32.21833086013794,77.71,73.46,74.75,75.94
32.39006018638611,77.71,73.47,74.85,75.94
32.58336544036865,78.01,73.38,74.94,75.94
32.77303338050842,77.8,73.37,74.75,75.94
32.942811250686646,77.88,73.36,74.65,76.13
33.114729166030884,77.69,73.28,74.55,76.04
33.30328321456909,78.31,73.47,74.65,75.94
33.47004318237305,77.8,73.47,75.04,75.94
33.68224620819092,78.39,73.28,74.65,75.84
33.85105562210083,77.8,73.47,74.46,76.13
34.025575160980225,77.8,73.38,74.65,75.94
34.20810294151306,77.71,73.37,75.14,76.04
34.39194321632385,77.98,73.47,74.36,75.94
34.55892825126648,77.9,73.28,74.65,75.94
34.75033187866211,77.9,73.37,74.46,76.04
34.91979670524597,77.79,73.37,75.14,75.65
35.091946840286255,77.91,73.47,74.65,75.94
35.269253730773926,77.9,73.85,74.75,75.84
35.43982410430908,77.79,73.37,74.55,75.94
35.612215518951416,78.19,73.38,74.85,75.94
35.78418707847595,77.8,73.38,74.65,75.94
35.9531786441803,77.79,73.55,74.65,76.23
36.12391805648804,77.71,73.37,74.75,75.94
36.29536175727844,77.99,73.28,74.65,75.94
36.464423179626465,77.61,73.37,74.65,75.84
36.65277910232544,77.79,74.25,74.46,76.13
36.82344722747803,77.61,73.47,74.85,75.84
36.99714136123657,79.07,73.55,74.75,75.94
37.18842816352844,78.31,73.28,74.85,75.84
37.39316773414612,78.12,73.37,74.46,75.74
37.5820689201355,77.79,73.47,74.75,75.94
37.77466607093811,77.61,73.28,74.46,75.74
37.96596908569336,77.79,73.57,74.65,76.23
38.137205839157104,77.8,73.28,75.04,75.84
38.307822465896606,77.91,73.47,74.55,76.04
38.48590016365051,77.59,73.37,74.75,75.84
38.67134118080139,77.8,73.57,74.65,76.23
38.83650875091553,77.71,73.47,74.94,75.84
39.00739359855652,77.82,73.37,74.65,76.04
39.17697834968567,77.61,73.47,74.75,75.94
39.35088133811951,77.99,73.47,74.46,75.84
39.558526277542114,77.69,73.94,74.75,75.84
39.75071310997009,77.79,73.47,74.85,75.84
39.91808223724365,77.8,73.37,74.75,75.94
40.13388681411743,77.8,73.47,74.75,76.13
40.33919429779053,77.69,73.67,74.65,76.13
40.54720163345337,77.88,73.47,75.23,75.74
40.71994423866272,77.69,73.28,74.46,75.84
40.896867752075195,77.79,73.28,74.75,76.04
41.06915497779846,78.19,73.67,74.75,76.33
41.258580684661865,77.61,73.57,74.55,76.52
41.44821763038635,77.8,73.46,74.94,75.84
41.63541531562805,78.11,73.28,74.75,75.94
41.807668924331665,77.79,73.47,74.75,75.74
41.98241949081421,77.91,73.57,74.65,75.94
42.170472145080566,77.59,73.47,74.75,76.04
42.344390630722046,77.99,73.36,74.84,75.74
42.51153564453125,77.8,73.36,74.55,75.84
42.68359160423279,77.9,73.47,74.75,76.04
42.85140109062195,77.69,73.38,74.75,75.84
43.02617573738098,78.41,73.57,74.65,75.94
43.19516611099243,77.91,73.57,74.75,75.74
43.36850619316101,77.79,73.86,74.65,75.94
43.57529973983765,77.91,73.57,75.44,75.74
43.751622676849365,77.79,73.47,74.94,75.94
43.91967988014221,77.61,73.28,74.65,75.74
44.091060161590576,78.01,73.47,74.75,76.13
44.257551193237305,77.8,73.38,74.75,75.84
44.43360161781311,78.09,73.37,74.75,76.04
44.61746168136597,77.69,73.26,74.55,75.84
44.793344020843506,77.71,73.57,74.75,76.13
44.961527585983276,78.78,73.18,74.94,75.84
45.12919545173645,77.79,73.28,74.75,75.74
45.299155473709106,78.01,73.47,74.75,75.94
45.487587690353394,77.8,73.47,74.65,75.84
45.65775680541992,78.01,73.47,74.85,75.94
45.82552933692932,77.79,73.37,74.65,75.65
46.00195288658142,77.8,73.47,74.75,75.94
46.18774914741516,77.59,73.28,74.75,75.84
46.36332082748413,77.79,73.47,74.75,75.84
46.55100893974304,77.9,73.47,75.14,75.94
46.743223428726196,78.09,73.47,74.65,75.84
46.911354064941406,77.9,73.67,74.75,75.94
47.08572483062744,77.89,73.46,74.65,75.74
47.254013776779175,78.12,73.37,75.94,75.94
47.42867159843445,77.91,73.47,74.75,75.84
47.59913372993469,77.82,74.06,74.65,75.94
47.78723406791687,77.9,73.37,74.85,75.94
47.955353021621704,78.2,73.47,74.75,75.84
48.12433481216431,77.8,73.75,74.65,75.74
48.29655456542969,77.79,73.47,74.84,76.23
48.47210431098938,77.99,73.47,75.14,75.94
48.64353108406067,77.79,73.28,74.55,75.65
48.813416957855225,77.8,73.57,74.86,76.13
48.98242712020874,77.59,73.38,74.94,75.84
49.153719425201416,77.99,73.47,75.04,76.04
49.3352472782135,77.71,73.86,74.65,75.84
49.502742767333984,77.82,74.04,74.65,75.94
49.698195934295654,77.59,73.55,74.65,76.13
49.88720107078552,77.71,73.37,74.84,75.84
50.05778098106384,77.88,73.37,74.65,75.84
50.22693204879761,77.8,73.47,74.55,75.74
50.42195224761963,77.91,73.57,74.65,76.23
50.59074926376343,77.91,73.47,75.25,75.84
50.762006521224976,77.77,73.55,74.75,75.9
50.93164825439453,77.67,73.65,74.65,75.81
51.10476112365723,77.78,73.46,74.65,76.19
51.29066491127014,77.67,73.26,74.75,76.1
51.48367524147034,77.77,73.46,75.44,75.71
51.67192721366882,77.86,73.46,76.14,75.9
51.84861159324646,77.77,73.65,74.65,75.9
52.01538848876953,77.67,73.55,74.65,75.71
52.21044087409973,77.77,73.65,74.65,77.09
52.40146207809448,77.88,73.36,74.84,75.71
52.57211136817932,77.97,73.55,74.65,75.82
52.74542188644409,77.77,73.85,74.75,75.92
52.917574882507324,77.67,73.55,74.65,76.0
53.0945188999176,78.57,73.55,74.36,75.92
53.28377890586853,78.08,73.46,74.07,75.81
53.45805358886719,77.57,73.46,74.07,75.9
53.631381034851074,77.67,73.75,73.96,76.0
53.80288243293762,77.67,73.55,74.16,76.1
53.995060205459595,77.86,73.46,74.07,76.58
54.18509578704834,77.97,73.36,74.26,75.81
54.36058020591736,78.07,73.36,74.16,75.82
54.54631066322327,77.67,73.46,74.07,75.61
54.739136934280396,77.77,73.65,74.07,76.1
54.90683555603027,77.57,73.46,74.36,75.71
55.0810980796814,78.08,73.46,74.16,75.9
55.27101397514343,77.77,73.36,74.07,75.82
55.44220447540283,77.18,73.55,74.16,75.9
55.63222575187683,77.28,73.55,73.97,75.9
55.804380655288696,77.08,73.55,74.36,75.9
55.97402572631836,77.38,73.36,74.16,75.92
56.15733528137207,77.18,73.75,74.16,75.92
56.32698369026184,76.99,73.65,74.16,76.1
56.49658727645874,77.18,73.36,74.84,75.9
56.703330278396606,77.57,73.46,74.36,75.92
56.87188935279846,77.67,73.65,74.16,75.92
57.05756235122681,77.08,73.55,74.55,75.9
57.23914861679077,77.28,73.46,74.46,76.1
57.41442632675171,77.08,73.65,74.16,76.19
57.62385582923889,77.28,73.46,74.16,75.82
57.79606294631958,77.28,73.55,74.05,75.9
57.966307640075684,77.28,73.65,74.16,75.73
58.13690161705017,77.18,73.55,74.07,76.0
58.3443717956543,77.08,73.55,74.16,75.81
58.55288076400757,77.18,74.23,73.86,75.71
58.7382926940918,77.28,73.36,74.26,76.0
58.906983375549316,78.07,73.55,74.55,75.9
59.09946346282959,77.28,73.85,74.26,76.19
59.31063437461853,76.99,73.65,74.55,75.81
59.500410079956055,77.28,73.46,74.26,75.81
59.673898696899414,77.18,73.46,73.97,76.0
59.859501123428345,77.09,73.85,74.07,75.71
60.0503044128418,77.18,73.65,74.07,76.0
60.22352313995361,77.47,73.55,74.26,75.82
60.39252543449402,77.18,73.46,74.05,75.71
60.561474561691284,76.99,73.85,74.16,76.19
60.733455419540405,77.18,73.55,74.36,75.81
60.91578793525696,76.89,73.46,74.07,76.0
61.128976821899414,77.18,73.36,74.36,75.82
61.29850673675537,77.18,73.55,74.16,75.9
61.46954679489136,77.09,73.55,73.86,75.82
61.67382335662842,76.99,73.65,74.16,75.82
61.85916805267334,77.09,73.46,73.97,76.1
62.03204107284546,77.18,73.55,74.36,75.92
62.20260453224182,77.09,73.65,74.05,75.73
62.378066301345825,77.18,73.36,74.16,76.0
62.5631263256073,77.09,73.46,74.07,75.9
62.73564171791077,77.38,73.55,74.36,75.81
62.90427041053772,77.18,73.55,74.07,75.81
63.07782816886902,76.99,73.65,74.07,76.39
63.24696683883667,77.09,73.55,74.55,75.92
63.42230677604675,77.08,73.55,74.16,76.0
63.63284206390381,77.18,73.46,73.97,76.0
63.84562277793884,77.18,73.55,74.46,75.82
64.01611232757568,77.88,73.46,74.07,75.9
64.2048556804657,76.99,73.46,74.07,75.82
64.37636470794678,77.18,73.75,73.86,76.0
64.56640243530273,76.99,73.65,74.16,76.0
64.73843216896057,77.47,73.55,74.16,75.81
64.90758085250854,77.28,73.55,74.07,75.92
65.07635688781738,76.99,74.45,74.16,76.0
65.24734163284302,77.09,73.55,74.16,76.1
65.43611550331116,77.18,73.65,74.26,75.9
65.61402463912964,77.09,73.55,74.07,75.73
65.79299283027649,77.08,73.65,74.16,76.1
65.96301507949829,77.09,73.46,73.97,76.0
66.15209245681763,76.99,73.46,74.36,75.92
66.32208585739136,77.09,73.16,74.07,75.92
66.4928719997406,77.08,73.36,74.07,76.0
66.6820421218872,77.09,73.75,74.16,76.02
66.8777985572815,77.08,73.36,74.16,75.9
67.04444003105164,77.09,73.46,73.97,76.12
67.25585126876831,77.18,73.55,74.16,76.49
67.4420862197876,77.08,73.55,74.46,76.0
67.63851404190063,77.28,73.55,74.26,75.73
67.80833387374878,77.18,73.65,74.16,76.1
67.98086881637573,77.09,73.36,74.16,75.9
68.15955638885498,77.38,73.55,74.36,75.9
68.32891321182251,77.08,73.55,74.16,75.81
68.50158500671387,77.09,73.75,74.16,76.11
68.67327547073364,77.18,73.55,74.07,75.82
68.84342193603516,77.38,73.55,74.16,76.0
69.01246237754822,77.67,73.46,74.16,75.82
69.22900152206421,77.18,73.55,74.07,76.0
69.41472339630127,77.18,73.55,74.07,76.02
69.61169385910034,76.99,73.65,74.16,75.9
69.79797959327698,77.18,74.64,74.07,76.0
69.9690248966217,77.18,73.55,74.26,75.71
70.13866209983826,76.99,73.36,74.07,76.02
70.3135290145874,77.08,73.65,74.16,75.9
70.4848279953003,77.18,73.55,74.26,76.0
70.65570044517517,77.09,73.46,73.97,75.81
70.86279678344727,77.18,73.55,74.26,76.0
71.05374193191528,77.18,73.55,73.97,75.92
71.23541188240051,77.09,73.65,74.16,76.02
71.40492486953735,76.99,74.25,73.97,76.0
71.57641291618347,77.09,73.46,74.85,76.1
71.7645993232727,77.47,73.26,74.26,75.9
71.94079542160034,77.08,73.55,74.16,76.0
72.11229133605957,77.09,73.65,73.97,75.9
72.30002498626709,77.09,73.55,74.07,76.19
72.47123670578003,77.18,73.55,74.36,76.0
72.64385104179382,77.08,72.76,74.16,75.9
72.81970477104187,77.09,73.16,74.16,76.41
72.99043917655945,77.18,73.07,74.26,76.11
73.16073250770569,77.38,72.86,74.26,76.0
73.34579539299011,77.09,72.86,74.26,75.81
73.5147500038147,76.99,74.04,74.07,76.0
73.70625495910645,77.18,73.16,73.97,76.39
73.89464545249939,77.08,73.07,74.26,75.9
74.07129192352295,76.99,72.96,74.16,75.81
74.23950338363647,78.28,72.86,74.16,75.9
74.43106126785278,77.67,72.67,74.26,75.9
74.62137055397034,80.04,73.16,74.07,76.1
74.79456448554993,77.09,72.96,74.65,75.9
74.96338772773743,78.38,72.96,75.14,76.89
75.14489722251892,76.99,72.96,73.97,75.9
75.31479120254517,77.18,72.76,74.07,76.29
75.48478698730469,77.38,72.96,74.46,76.0
75.65820240974426,78.57,73.07,74.36,76.0
75.88090300559998,80.75,73.05,74.55,75.81
76.07179474830627,77.28,72.96,74.26,76.1
76.27994656562805,77.38,72.96,74.36,75.9
76.467529296875,77.18,72.86,74.46,76.1
76.68229794502258,77.28,72.96,74.26,75.81
76.85443067550659,77.09,72.96,74.16,76.0
77.04240393638611,77.18,72.86,73.97,75.9
77.25089287757874,77.18,73.16,74.16,75.9
77.42194390296936,77.18,72.86,74.07,76.0
77.59201955795288,77.38,72.96,74.36,76.02
77.76623940467834,77.28,72.97,74.26,76.0
77.95482420921326,77.18,73.26,73.97,76.0
78.12826824188232,77.09,72.86,74.16,76.1
78.2965919971466,77.38,72.96,74.36,76.0
78.47162866592407,77.08,72.97,74.26,76.0
78.64110016822815,77.09,73.16,73.97,75.92
78.83666205406189,77.09,73.15,74.26,75.9
79.02393937110901,76.99,72.96,74.36,76.0
79.19456696510315,77.28,73.07,74.26,75.9
79.36553311347961,77.09,72.96,73.97,76.0
79.55175352096558,76.99,72.96,74.16,76.0
79.73727416992188,77.09,72.97,74.07,76.0
79.90744853019714,77.86,72.86,74.26,76.02
80.08042478561401,77.09,72.96,74.07,75.92
80.25413250923157,77.09,73.16,74.07,76.49
80.42591524124146,76.99,72.96,74.16,75.9
80.59048390388489,77.47,72.96,74.65,76.0
80.78201174736023,77.28,72.86,74.07,76.02
80.95762944221497,77.08,73.05,73.97,76.29
81.12523937225342,77.12,72.97,74.36,76.04
81.29978775978088,77.32,73.08,74.16,75.84
81.4716477394104,77.12,72.88,74.16,76.04
81.64653134346008,77.12,73.76,74.05,75.94
81.83674144744873,77.02,73.18,74.26,76.23
82.02309131622314,77.12,72.97,74.46,75.82
82.19535112380981,77.11,73.08,74.26,76.04
82.36516666412354,77.02,72.78,73.99,76.13
82.53015112876892,77.12,72.78,74.36,76.04
82.70590996742249,77.22,72.88,74.26,75.84
82.87530159950256,77.02,73.28,74.07,76.04
83.04768753051758,77.03,73.08,74.26,76.13
83.22008275985718,77.32,72.88,74.16,75.94
83.39550805091858,77.51,72.97,74.26,76.04
83.58462595939636,77.22,73.08,74.16,76.04
83.75641417503357,77.02,73.67,74.16,76.13
83.92572546005249,78.09,73.08,74.16,76.13
84.0973813533783,77.22,72.97,74.07,75.84
84.26708579063416,77.12,73.08,74.16,76.63
84.4384138584137,77.22,73.08,74.26,75.94
84.60874128341675,77.69,72.99,74.07,76.04
84.77961277961731,77.22,73.28,74.16,76.13
84.94479417800903,77.02,73.08,74.36,76.04
85.11612582206726,77.22,72.88,74.07,75.94
85.31880164146423,77.41,72.97,74.16,75.94
85.49114394187927,77.03,72.99,74.07,75.84
85.66492104530334,77.22,73.18,74.26,76.23
85.83546161651611,77.41,72.78,74.36,76.04
86.00078415870667,76.93,72.88,74.16,76.04
86.1693217754364,77.22,73.18,74.16,76.04
86.36350846290588,77.12,73.08,74.07,76.13
86.55077695846558,77.12,73.08,74.55,75.94
86.72362756729126,77.22,72.99,75.04,76.04
86.8927550315857,77.22,73.17,74.16,75.94
87.06899833679199,77.22,73.18,73.97,76.04
87.24011373519897,77.51,72.97,74.26,76.04
87.41239547729492,77.41,73.08,74.85,75.84
87.59584546089172,77.22,73.07,74.16,76.04
87.76947212219238,77.1,72.88,73.87,76.13
87.95137691497803,77.12,72.78,74.55,76.04
88.12113785743713,77.3,72.97,74.16,76.04
88.31187152862549,77.03,73.08,74.16,76.04
88.48593783378601,77.22,73.07,74.16,76.23
88.6607871055603,77.12,72.78,74.26,75.84
88.83687996864319,77.12,73.08,74.16,75.94
89.00464677810669,77.61,72.99,74.36,76.04
89.21914291381836,77.12,72.88,74.16,76.04
89.41228008270264,78.01,72.99,74.16,75.44
89.60206151008606,77.12,73.08,74.36,75.25
89.8184859752655,77.42,72.88,74.36,75.45
90.00674343109131,77.32,72.97,74.16,75.25
90.20289182662964,77.22,73.28,74.16,75.55
90.37329888343811,77.22,73.18,74.16,75.54
90.56482601165771,77.12,72.97,74.55,75.55
90.73812818527222,77.22,73.18,74.36,75.45
90.90863156318665,77.02,72.97,74.26,75.55
91.08377480506897,77.2,73.08,74.36,75.65
91.27025079727173,77.12,73.28,74.07,75.44
91.48545503616333,77.12,74.14,74.16,75.55
91.66088676452637,77.22,72.97,74.07,75.65
91.86826157569885,77.22,72.97,74.36,76.13
92.05558943748474,77.12,72.97,74.55,75.55
92.240159034729,77.8,73.07,74.26,75.34
92.41679668426514,77.02,72.97,74.07,75.45
92.5867850780487,77.22,72.88,74.26,75.55
92.75850439071655,77.32,72.88,74.36,75.55
92.93146467208862,77.12,72.88,73.97,75.34
93.10019373893738,77.22,73.18,74.26,75.65
93.27695059776306,77.02,72.97,73.97,76.23
93.4805805683136,77.22,72.99,74.26,75.55
93.6586344242096,77.32,73.08,74.36,75.55
93.82801389694214,77.12,73.08,74.16,75.34
94.00039172172546,77.12,73.18,74.16,75.55
94.16879034042358,77.49,72.97,74.36,75.45
94.34282326698303,77.41,73.08,74.18,75.55
94.53458023071289,77.22,72.97,75.14,75.45
94.72705817222595,77.12,73.18,74.16,75.44
94.89785766601562,77.32,72.99,74.16,75.45
95.06840252876282,77.22,73.08,74.36,75.44
95.24304246902466,77.22,72.68,74.16,75.45
95.41312098503113,77.02,72.97,74.16,75.54
95.60592985153198,77.22,73.37,74.36,75.84
95.7927987575531,77.02,72.97,74.38,75.45
95.96650576591492,77.51,72.99,74.26,75.45
96.13689804077148,77.32,73.08,74.16,75.55
96.3188681602478,78.68,72.99,74.26,75.25
96.51212573051453,77.32,73.17,74.18,75.65
96.69302582740784,77.12,73.07,74.26,75.45
96.86643862724304,77.22,72.97,74.36,76.23
97.0738172531128,77.12,72.99,74.18,75.55
97.27925252914429,77.51,72.99,74.46,75.34
97.45386362075806,77.41,72.97,74.16,75.55
97.64020299911499,77.22,72.97,74.26,75.25
97.81571912765503,77.22,72.97,74.28,75.65
97.98677730560303,77.79,72.97,74.55,75.36
98.15788722038269,77.22,72.99,74.36,75.45
98.3324863910675,77.2,73.28,74.16,75.94
98.50418424606323,77.12,72.97,74.65,76.04
98.68222308158875,77.41,72.88,74.36,75.45
98.85068559646606,77.22,73.08,74.36,75.55
99.02125000953674,77.22,73.18,74.16,75.65
99.19270205497742,78.88,73.08,74.26,76.23
99.41568493843079,77.82,72.88,74.26,75.65
99.6077811717987,77.72,73.38,74.26,75.45
99.79409766197205,78.49,73.17,74.36,75.34
99.968820810318,77.91,72.88,74.26,75.45
100.1573257446289,77.8,72.99,74.26,75.25
100.35007739067078,97.14,73.59,74.26,75.51
100.5226104259491,235.89,72.87,74.28,75.42
100.69590473175049,88.31,72.96,74.46,75.55
100.88081693649292,93.61,73.13,74.26,75.43
101.05477046966553,101.2,73.26,74.26,75.44
101.2259669303894,136.78,73.05,74.36,76.31
101.4176332950592,88.14,73.07,74.07,75.31
101.60607695579529,111.81,73.05,74.65,75.45
101.77827477455139,93.81,73.07,74.16,75.34
101.9497447013855,83.6,73.07,74.16,75.55
102.16030406951904,298.03,72.97,74.16,75.55
102.34435939788818,138.3,73.07,74.16,75.44
102.54972529411316,105.21,73.73,74.36,75.6
102.72528195381165,166.75,73.05,74.26,75.4
102.90221858024597,180.7,72.73,74.36,75.5
103.08295941352844,276.09,72.96,74.26,75.23
103.25178098678589,79.18,73.18,74.18,75.84
103.42570495605469,78.7,73.08,74.46,75.34
103.59538078308105,78.49,72.88,75.14,75.55
103.76731491088867,78.51,73.07,74.16,75.45
103.93604278564453,78.39,72.97,74.36,75.65
104.108469247818,78.61,73.08,74.46,75.45
104.2834358215332,78.22,72.88,74.36,75.55
104.4551932811737,78.2,72.97,74.07,75.74
104.6306221485138,78.01,73.18,74.46,75.45
104.80329132080078,78.29,72.88,75.14,75.55
104.97284245491028,78.19,72.97,74.36,75.45
105.16024088859558,77.9,72.97,74.36,75.65
105.35374641418457,78.11,73.08,74.36,75.34
105.55538821220398,77.91,73.47,74.38,75.65
105.73530626296997,78.01,73.08,74.55,75.55
105.90751647949219,78.41,72.78,74.85,75.45
106.07811975479126,78.2,72.88,74.36,75.55
106.28749585151672,77.91,73.07,74.26,75.45
106.46090269088745,77.79,73.18,74.26,75.55
106.63490629196167,77.8,73.18,74.55,75.55
106.80422353744507,77.91,73.08,74.36,75.44
106.97245740890503,77.61,72.97,74.46,75.55
107.16226363182068,77.8,73.07,74.26,75.65
107.33070802688599,78.22,73.07,74.55,75.45
107.50460410118103,77.79,72.88,74.46,75.34
107.68148922920227,77.8,73.08,74.36,75.55
107.87041687965393,77.8,73.28,74.26,75.84
108.04301691055298,77.79,72.97,74.36,75.25
108.23103761672974,77.99,73.17,74.46,75.55
108.40415787696838,77.82,72.99,74.46,75.45
108.57331275939941,77.8,73.47,74.26,75.55
108.75248503684998,77.61,73.08,74.55,75.45
108.92980408668518,77.99,72.99,74.46,75.44
109.10043334960938,77.61,72.97,74.36,75.55
109.2835853099823,77.71,73.28,74.46,76.23
109.45485258102417,77.69,73.28,74.26,75.74
109.64692783355713,78.3,73.08,74.55,75.55
109.81803059577942,77.79,72.99,74.36,75.55
109.99197673797607,77.59,73.47,74.46,75.55
110.15769124031067,77.71,73.18,74.46,75.25
110.3249032497406,77.88,72.97,74.36,75.45
110.502756357193,77.59,72.88,75.64,75.45
110.70390295982361,77.9,73.08,74.55,75.44
110.91178250312805,77.8,73.08,74.26,75.45
111.08371067047119,77.51,73.08,74.36,75.74
111.25766897201538,77.82,72.88,74.46,75.45
111.42808723449707,77.59,72.99,74.46,75.45
111.60552740097046,77.51,73.18,74.55,75.44
111.77961826324463,77.51,73.08,74.26,75.65
111.94687795639038,77.99,72.99,74.46,75.34
112.12138271331787,77.59,72.78,74.26,75.55
112.29051470756531,77.71,73.18,74.36,76.23
112.46309638023376,77.4,73.18,74.75,75.65
112.63271236419678,78.78,73.18,74.47,75.55
112.8102548122406,77.8,73.18,74.26,75.55
112.9797260761261,77.42,73.57,74.46,75.74
113.1512701511383,77.71,73.18,74.26,75.65
113.3599009513855,77.61,73.0,74.46,75.65
113.55252432823181,77.79,73.08,74.65,75.34
113.7275984287262,77.59,73.08,74.46,75.65
113.89510226249695,77.69,73.28,74.36,75.65
114.06604027748108,78.01,73.08,74.65,75.55
114.23623323440552,77.72,72.97,74.36,75.54
114.41008353233337,77.41,73.28,74.26,75.55
114.57726740837097,77.71,73.08,74.94,75.54
114.7540442943573,77.71,73.18,74.55,75.55
114.92271280288696,77.61,73.18,74.36,75.55
115.09110736846924,77.51,73.28,74.36,75.54
115.2614221572876,77.8,73.28,74.46,75.55
115.43694400787354,77.61,72.97,74.26,75.44
115.60699558258057,77.32,73.47,74.36,75.94
115.77878427505493,77.51,73.18,74.75,75.55
115.9468514919281,77.61,73.08,74.36,75.34
116.12044095993042,77.61,73.26,74.16,75.55
116.28979682922363,77.61,73.17,74.36,75.74
116.46165537834167,77.8,73.08,74.94,75.55
116.64792728424072,77.61,73.28,74.46,75.55
116.82294917106628,77.3,73.08,74.46,75.45
117.01454639434814,77.41,73.46,74.55,75.65
117.18964123725891,77.51,73.08,74.46,77.01
117.36280536651611,77.51,73.07,75.64,75.44
117.53380036354065,77.51,72.78,74.36,75.55
117.71719717979431,77.51,73.18,74.36,75.34
117.91281962394714,77.61,73.37,74.36,75.74
118.09010195732117,77.32,73.28,74.36,75.55
118.27933692932129,77.59,73.18,74.46,75.84
118.47168445587158,77.51,73.08,74.84,76.62
118.66651153564453,77.61,73.08,75.44,75.55
118.83938550949097,77.3,73.18,74.26,75.34
119.00878429412842,77.51,73.18,74.46,75.65
119.17990159988403,77.8,72.99,74.55,75.34
119.35532593727112,77.51,73.18,74.46,75.65
119.57546186447144,77.69,72.88,74.55,75.44
119.74586820602417,77.4,73.08,74.18,75.55
119.91796898841858,77.51,73.28,74.36,75.74
120.08872485160828,77.82,73.17,74.07,75.55
120.26372933387756,77.51,72.88,73.8,75.55
120.44262075424194,77.49,73.08,73.97,75.65
120.61278510093689,77.51,73.38,73.67,75.65
120.78826546669006,77.79,73.18,73.99,75.34
120.96236562728882,77.69,73.28,73.88,75.55
121.15343570709229,77.32,73.18,73.89,75.44
121.3249933719635,77.51,73.28,73.68,75.65
121.5159273147583,77.51,74.66,73.87,75.45
121.69214153289795,77.8,73.18,73.97,75.65
121.86012029647827,77.32,72.97,73.87,75.45
122.03382301330566,77.51,73.47,73.87,75.74
122.2086763381958,77.32,73.18,73.76,75.36
122.38032627105713,77.22,73.28,74.36,75.55
122.55494093894958,76.73,73.07,73.76,75.55
122.73097848892212,77.02,73.18,73.76,75.65
122.91897892951965,76.83,73.07,73.96,75.65
123.09553027153015,77.02,73.18,74.07,75.54
123.28457617759705,77.02,73.28,73.67,75.65
123.45987105369568,77.02,73.08,73.76,75.54
123.63723945617676,77.02,73.47,73.76,75.84
123.80779719352722,76.93,73.08,74.16,75.34
123.98305201530457,77.71,73.18,73.86,75.55
124.17222166061401,76.93,73.07,73.67,75.34
124.34247946739197,77.02,73.08,73.78,75.65
124.53301167488098,76.93,73.96,73.67,75.65
124.72682404518127,76.93,73.28,73.86,75.65
124.89248204231262,76.93,73.18,73.78,75.65
125.10845708847046,77.32,73.08,73.99,75.65
125.2858681678772,77.22,73.07,73.87,75.34
125.4729061126709,76.93,73.18,74.07,75.54
125.67041039466858,76.93,73.28,73.78,75.55
125.85392045974731,76.93,73.37,73.87,75.45
126.04567456245422,76.93,73.47,73.67,75.65
126.21428394317627,76.93,73.18,74.16,75.74
126.40749835968018,77.32,73.28,73.97,75.65
126.57799458503723,77.02,73.17,73.78,75.55
126.75430130958557,76.93,73.28,73.88,75.74
126.91994500160217,78.01,73.18,74.26,75.65
127.0969181060791,77.8,73.18,74.94,75.34
127.27516102790833,76.93,73.28,73.67,75.65
127.44457817077637,76.93,73.38,73.76,75.55
127.6395366191864,76.93,73.96,73.67,75.94
127.82742762565613,76.93,74.25,74.16,75.55
128.0002453327179,77.99,74.25,73.87,75.45
128.17317295074463,77.02,74.17,73.86,75.44
128.3627429008484,76.93,74.36,73.97,75.94
128.53169679641724,76.93,74.57,73.78,75.45
128.72883892059326,76.93,74.14,73.86,75.74
128.91220259666443,77.71,74.25,74.16,75.65
129.10578966140747,77.99,74.36,73.67,75.54
129.2777009010315,77.02,74.84,73.79,75.65
129.44781041145325,76.83,74.36,73.97,75.65
129.61939024925232,77.02,74.26,73.87,75.65
129.80873680114746,77.71,74.14,73.97,75.65
129.9843909740448,76.93,74.26,73.76,75.65
130.15547370910645,76.83,74.44,73.78,75.84
130.33094358444214,77.32,74.25,73.97,75.65
130.50171756744385,77.02,74.25,73.87,75.55
130.6730442047119,76.83,74.45,73.67,75.94
130.8436884880066,77.03,74.15,74.07,75.44
131.01475286483765,77.59,74.25,74.94,75.55
131.18991684913635,76.93,74.46,73.67,75.65
131.38340425491333,77.02,74.25,73.88,75.65
131.57963180541992,76.83,75.13,73.99,75.55
131.75818514823914,76.73,74.25,73.76,75.94
131.94649720191956,77.02,74.17,73.97,75.44
132.12207007408142,77.03,74.34,73.67,75.74
132.30027389526367,76.83,74.14,73.78,75.65
132.48053812980652,76.93,74.55,73.87,75.94
132.65292596817017,76.83,74.34,73.86,75.65
132.82479763031006,77.12,74.34,73.97,75.74
133.00471782684326,76.93,74.14,73.67,75.65
133.1838459968567,76.83,74.25,73.76,75.74
133.34759044647217,76.93,74.55,73.87,75.55
133.56438732147217,76.83,74.25,74.26,75.65
133.72767567634583,76.93,75.63,73.76,75.65
133.94704747200012,76.93,74.06,74.26,76.23
134.1354329586029,77.02,74.25,73.87,75.65
134.30924797058105,77.02,74.36,73.78,75.44
134.48108911514282,76.83,74.26,73.89,75.84
134.65369367599487,77.41,74.06,74.3,75.44
134.83264780044556,77.02,74.04,74.07,75.74
135.01497602462769,76.93,74.25,73.76,75.65
135.19355082511902,76.93,74.34,73.87,75.84
135.36470699310303,76.93,74.25,73.97,75.65
135.53596234321594,76.83,74.44,74.16,75.65
135.73765754699707,77.02,74.17,73.86,75.65
135.90755915641785,76.93,74.45,73.76,75.55
136.08077216148376,76.83,74.26,73.97,75.74
136.25031161308289,77.2,74.36,73.86,75.65
136.42198276519775,77.12,74.23,74.07,75.74
136.6167597770691,78.11,74.57,74.55,75.65
136.81080317497253,76.73,74.45,73.97,75.74
136.97941064834595,77.02,74.44,73.78,75.84
137.15249752998352,76.93,74.34,74.16,75.65
137.32194995880127,76.93,74.23,73.86,75.74
137.4900586605072,76.93,75.52,73.86,75.74
137.66512489318848,77.41,74.04,74.07,75.65
137.83399510383606,77.22,74.14,74.07,75.74
138.02792358398438,76.93,74.26,73.87,75.65
138.20702385902405,76.93,74.55,73.87,75.65
138.40826559066772,76.83,74.57,73.87,75.74
138.5791802406311,76.93,74.34,74.16,75.65
138.7512400150299,77.12,74.26,74.07,75.45
138.91955518722534,76.93,74.64,73.78,75.74
139.08894109725952,76.93,74.34,73.86,75.74
139.30145239830017,76.73,74.55,73.87,75.74
139.48946952819824,77.02,73.86,73.99,75.84
139.68126153945923,76.73,73.67,73.96,75.84
139.8515031337738,76.83,73.86,73.87,75.74
140.0218632221222,77.02,73.76,73.97,75.74
140.21582531929016,76.83,74.06,73.76,75.74
140.39879775047302,305.79,73.92,74.07,75.98
140.58123207092285,77.03,73.67,74.1,75.74
140.75921845436096,78.69,73.47,73.86,75.74
140.93011236190796,77.49,73.75,73.57,75.74
141.1203489303589,77.51,74.04,73.99,75.74
141.29336524009705,77.32,73.67,74.05,75.65
141.46715784072876,77.2,73.67,73.97,75.84
141.63808250427246,77.22,73.67,73.67,75.74
141.80675721168518,77.3,73.85,73.97,75.94
141.98774671554565,77.91,73.67,73.97,75.74
142.1626467704773,77.22,73.94,73.78,75.74
142.32335710525513,77.22,73.94,74.07,76.33
142.49047565460205,77.01,74.23,73.76,75.74
142.68879103660583,77.61,73.76,74.26,75.84
142.85931062698364,77.32,73.76,73.86,75.55
143.02802562713623,77.12,74.06,73.99,76.13
143.19767546653748,77.22,73.75,73.97,75.65
143.37032461166382,77.22,73.67,73.97,75.74
143.5570251941681,77.41,73.86,74.07,75.74
143.74373388290405,76.93,73.86,74.07,75.65
143.91639947891235,77.12,74.65,73.87,75.84
144.0883800983429,77.41,73.67,74.26,75.65
144.2595181465149,77.12,73.76,73.57,75.74
144.43402528762817,76.93,73.85,73.87,75.74
144.6262812614441,77.12,73.86,73.76,76.04
144.8009262084961,76.93,73.94,73.97,75.94
144.99896240234375,78.2,73.85,74.07,75.84
145.1698112487793,77.12,73.86,74.07,75.84
145.35161328315735,77.32,73.57,74.16,75.55
145.56974077224731,76.93,73.75,73.97,75.84
145.73297429084778,77.12,73.96,73.78,76.13
145.90746879577637,77.03,73.76,73.97,75.84
146.08326864242554,78.01,73.85,74.46,75.65
146.2524836063385,77.03,73.86,73.78,75.74
146.42385387420654,77.02,74.26,73.96,75.94
146.6162965297699,76.93,73.86,73.97,75.74
146.79207372665405,77.51,73.85,74.26,75.74
146.9761040210724,77.51,73.86,73.97,75.74
147.16596460342407,76.93,73.94,73.96,75.74
147.33547186851501,77.02,73.94,73.86,76.04
147.5074803829193,77.12,74.65,73.97,75.84
147.7065625190735,77.32,73.76,74.07,75.74
147.87546110153198,77.12,73.76,73.87,75.74
148.04299998283386,76.93,73.85,73.96,75.94
148.21644687652588,76.93,73.76,73.97,75.84
148.39211440086365,77.22,73.76,74.16,75.74
148.55906319618225,76.93,73.76,73.97,75.65
148.75413823127747,77.02,73.85,73.86,75.74
148.94505715370178,76.93,74.14,73.76,75.74
149.13713884353638,77.01,73.67,73.87,75.74
149.30504965782166,77.12,73.67,74.16,75.74
149.47795152664185,77.12,73.86,74.07,75.84
149.67156791687012,77.02,73.94,73.87,75.84
149.8407645225525,76.83,74.45,73.87,75.84
150.0123815536499,77.51,73.85,74.16,75.84
150.1872251033783,77.11,73.67,73.96,75.84
150.37499475479126,77.03,73.67,73.97,75.84
150.58647060394287,77.02,73.85,73.89,75.74
150.76351165771484,77.12,73.94,73.96,75.94
150.95158100128174,77.02,73.75,73.97,75.65
151.16935062408447,77.03,74.25,73.87,75.94
151.34027576446533,77.02,73.85,73.67,76.04
151.53049516677856,77.32,73.86,74.16,75.74
151.70623922348022,77.02,73.57,74.07,75.84
151.89290404319763,77.12,73.86,74.07,75.74
152.06360793113708,76.93,73.96,73.67,75.94
152.2558012008667,76.93,74.04,74.07,76.13
152.4302909374237,77.01,74.06,73.86,75.74
152.62779211997986,77.41,73.86,74.36,75.74
152.79950261116028,77.12,73.86,73.97,75.74
152.97489309310913,77.22,74.06,73.87,75.84
153.14559149742126,77.03,73.96,74.07,75.84
153.3157479763031,77.22,73.76,75.14,75.65
153.48344802856445,76.93,73.96,73.97,75.84
153.65018391609192,77.02,73.76,74.26,76.72
153.8245177268982,77.22,73.86,73.97,75.84
153.99940729141235,76.83,73.86,73.97,75.74
154.16932797431946,77.12,73.94,73.97,75.94
154.35703778266907,76.83,74.06,73.97,75.94
154.5446813106537,77.51,73.96,74.16,75.84
154.71536016464233,77.03,73.86,74.18,75.84
154.9080867767334,77.59,73.75,74.16,75.65
155.09652471542358,77.12,73.67,73.97,75.74
155.26827931404114,77.12,74.15,73.97,76.52
155.45535850524902,77.12,73.96,74.07,76.9
155.63127851486206,77.22,73.76,74.16,75.74
155.82461524009705,77.32,73.96,74.07,75.74
156.01362824440002,77.3,73.96,74.18,75.84
156.20087385177612,76.81,73.85,73.86,75.84
156.37440133094788,77.12,73.96,73.96,75.34
156.56500220298767,76.93,73.76,74.55,75.25
156.73678278923035,77.32,73.96,73.97,75.25
156.91413044929504,76.93,73.86,74.07,75.15
157.09043836593628,77.02,73.76,73.78,75.25
157.28156757354736,77.22,73.86,74.07,75.84
157.45588040351868,77.02,73.76,73.76,75.36
157.6432089805603,77.32,73.96,74.26,75.25
157.82084727287292,77.12,73.76,74.07,75.25
157.99813199043274,77.02,74.36,74.07,75.25
158.16986513137817,77.03,74.06,74.16,75.65
158.36285519599915,76.93,74.04,73.97,75.25
158.55351948738098,77.22,73.96,74.85,75.84
158.7459955215454,77.22,73.76,74.16,75.25
158.91391849517822,77.02,73.86,74.16,75.25
159.08666324615479,77.12,73.75,73.87,75.36
159.2591781616211,77.02,73.76,73.97,75.55
159.44914937019348,77.51,73.76,74.16,75.25
159.6343445777893,77.22,73.96,74.16,75.25
159.83144164085388,77.22,73.67,73.96,75.25
160.01993036270142,77.12,73.86,74.07,75.05
160.1937437057495,77.02,74.06,73.96,75.45
160.3703055381775,77.03,74.14,74.18,75.25
160.5618498325348,76.93,73.86,73.96,75.45
160.75693154335022,77.61,73.76,74.07,75.15
160.94206523895264,77.61,73.86,73.87,75.36
161.13617610931396,77.02,74.04,73.86,75.36
161.3153178691864,76.93,73.86,73.86,75.74
161.47881698608398,77.12,73.76,74.26,75.15
161.65022945404053,77.4,74.06,73.89,75.36
161.82336902618408,76.93,73.85,73.97,75.36
162.00084233283997,77.02,73.85,74.16,75.36
162.19679808616638,77.12,73.96,74.07,75.25
162.39166021347046,77.12,74.15,74.05,75.36
162.58294105529785,77.03,74.34,74.07,75.45
162.78063702583313,77.32,74.04,74.07,75.15
162.95707631111145,77.3,73.85,74.16,75.36
163.13036799430847,77.12,73.86,74.16,75.25
163.3041272163391,77.12,74.15,73.97,75.25
163.49216675758362,77.03,73.96,74.75,75.36
163.6706404685974,77.22,73.67,74.16,75.25
163.84068846702576,77.12,73.96,74.07,75.15
164.0103166103363,77.03,73.94,73.97,75.34
164.18545007705688,77.51,73.96,74.55,75.25
164.35389304161072,77.12,73.75,73.97,75.36
164.53317856788635,77.03,73.67,74.07,75.25
164.711932182312,77.12,73.96,73.97,75.34
164.88867330551147,77.61,73.96,74.26,75.36
165.05899024009705,76.93,74.04,74.16,75.15
165.23009634017944,76.93,73.94,73.99,75.36
165.4000120162964,76.93,74.06,74.05,75.44
165.58753275871277,77.2,73.96,74.36,75.36
165.7561855316162,77.02,74.06,74.16,75.15
165.93258237838745,77.02,73.94,73.87,75.25
166.1042640209198,77.02,73.67,74.26,75.36
166.31138586997986,77.03,74.36,74.07,75.94
166.5004539489746,77.12,73.96,74.36,75.25
166.6757459640503,77.32,73.76,74.46,75.36
166.865327835083,77.02,73.86,73.86,75.25
167.0381805896759,77.22,74.06,74.07,75.45
167.22534155845642,77.02,74.14,74.16,75.45
167.39633464813232,77.41,73.76,74.26,75.15
167.56701183319092,77.12,73.76,74.07,75.25
167.74120426177979,76.93,74.34,74.18,75.36
167.90889191627502,77.22,73.86,74.16,76.13
168.08443808555603,77.22,74.06,74.36,75.25
168.25598335266113,77.12,73.76,74.16,75.36
168.4299852848053,77.01,73.76,73.97,75.36
168.61668491363525,77.22,74.75,74.07,75.36
168.79231429100037,77.02,73.96,74.26,75.15
168.96478176116943,77.12,74.15,74.16,75.25
169.13645219802856,77.22,73.86,73.97,75.15
169.32591938972473,77.12,74.04,74.26,75.65
169.4985375404358,77.22,73.96,74.85,75.34
169.69389176368713,77.22,73.86,74.26,75.15
169.86603951454163,77.12,73.86,74.16,75.25
170.03834104537964,77.22,73.96,74.07,75.36
170.21470952033997,77.71,73.96,74.16,75.25
170.39002394676208,77.41,73.94,74.55,75.25
170.58138298988342,77.32,73.75,74.16,75.26
170.75782442092896,77.03,73.96,73.97,75.36
170.94705748558044,77.32,73.96,74.07,75.36
171.13935661315918,77.02,74.05,74.07,75.45
171.31331491470337,77.51,74.14,74.28,75.34
171.4847331047058,77.22,73.86,74.07,75.36
171.66148352622986,77.12,74.04,74.08,75.25
171.83439588546753,77.12,73.85,74.07,75.36
172.00600910186768,78.11,73.85,74.36,75.36
172.1950912475586,77.12,73.86,74.07,75.44
172.36485958099365,77.22,73.86,74.07,75.36
172.5530276298523,77.22,74.06,73.97,75.34
172.7475802898407,77.22,73.85,74.16,75.25
172.93987464904785,77.02,73.96,74.16,75.45
173.11279821395874,77.42,73.86,74.36,75.25
173.28347086906433,77.22,73.96,74.16,75.25
173.45353364944458,77.12,74.15,74.26,75.36
173.616384267807,77.51,73.86,74.46,75.34
173.7900960445404,77.32,73.86,74.16,75.34
173.96041822433472,77.22,74.15,74.16,75.65
174.13739681243896,77.22,73.86,74.16,75.65
174.32661294937134,77.02,73.96,74.16,75.55
174.517808675766,77.32,73.86,74.46,75.25
174.69039130210876,77.22,74.06,74.36,75.25
174.85968494415283,77.12,74.04,74.07,75.55
175.02909016609192,77.99,74.06,74.55,75.25
175.20137286186218,77.32,73.85,74.26,75.25
175.39164090156555,77.22,73.96,74.16,75.36
175.5588617324829,77.22,74.44,74.07,75.45
175.73102045059204,77.32,74.14,74.46,75.25
175.90070509910583,77.22,73.94,74.16,75.25
176.08571553230286,77.32,73.96,74.16,75.45
176.25530672073364,77.12,74.04,74.26,75.55
176.42673230171204,77.51,73.94,74.16,75.25
176.61749005317688,77.32,73.96,74.36,75.36
176.79045176506042,77.12,73.96,73.97,75.25
176.97936463356018,77.12,73.86,74.16,75.36
177.1701159477234,77.32,74.17,74.16,75.55
177.34167218208313,77.12,74.14,74.16,75.65
177.5309500694275,77.42,73.86,74.85,75.34
177.72277450561523,77.61,73.94,74.46,75.25
177.91287112236023,77.22,73.96,74.26,75.15
178.08370351791382,77.3,74.15,74.36,75.34
178.25620031356812,77.22,74.06,74.47,76.04
178.42744612693787,77.02,73.86,74.16,75.45
178.59825348854065,77.32,73.96,74.16,75.25
178.79475808143616,77.22,73.96,74.07,75.34
178.98293685913086,77.02,73.96,73.97,75.65
179.15198183059692,77.22,74.75,74.26,75.45
179.3363001346588,77.4,73.86,74.26,75.36
179.5088107585907,77.12,74.14,74.26,75.25
179.68143463134766,77.22,74.15,74.36,75.55
179.8509783744812,77.49,74.06,74.26,75.34
180.02230501174927,77.12,73.94,74.16,75.15
180.19321727752686,77.22,74.15,74.07,75.45
180.36774444580078,77.12,74.07,74.18,75.44
180.55455565452576,77.59,74.06,74.75,75.36
180.72778487205505,76.93,74.06,74.16,75.25
180.89643168449402,77.2,73.96,74.26,75.45
181.0696907043457,77.12,74.15,74.07,75.65
181.26116228103638,77.51,74.06,74.36,75.34
181.4371621608734,77.3,73.86,74.55,75.25
181.6227743625641,77.22,73.86,74.16,75.34
181.79397296905518,77.32,74.06,74.26,75.65
181.9649305343628,77.02,74.25,74.16,75.44
182.15748000144958,77.41,73.86,74.26,75.34
182.3446500301361,77.12,74.04,74.08,75.65
182.55609154701233,77.61,73.96,74.46,75.36
182.74904370307922,77.2,73.75,74.38,75.34
182.93640065193176,77.22,73.96,74.16,75.36
183.1081759929657,77.32,74.15,74.16,75.34
183.28026032447815,77.22,74.06,74.36,75.45
183.48830389976501,77.12,74.04,74.26,75.34
183.6628909111023,77.32,73.86,74.46,75.45
183.85363125801086,77.89,73.94,74.36,75.25
184.02359127998352,77.22,74.06,74.26,75.44
184.19310116767883,77.22,74.14,74.28,75.45
184.36342859268188,77.32,74.06,74.16,76.33
184.55359196662903,78.31,73.96,74.46,75.45
184.72700905799866,77.22,73.86,74.18,75.34
184.91527009010315,77.22,74.34,74.16,75.44
185.0864815711975,77.22,73.96,74.36,76.13
185.261958360672,77.51,74.04,74.26,75.25
185.4303069114685,77.12,73.86,74.26,75.45
185.62006664276123,77.12,74.15,74.16,75.15
185.79253482818604,77.32,75.33,74.26,75.45
185.96660566329956,77.41,74.04,74.36,75.34
186.1442699432373,77.02,74.14,74.16,75.36
186.31878232955933,77.32,74.06,74.16,75.25
186.5132713317871,77.22,74.26,74.26,75.65
186.6842086315155,77.71,74.15,74.26,75.36
186.85484647750854,77.32,74.04,74.16,75.34
187.0238265991211,77.22,73.96,74.16,75.34
187.2171094417572,77.32,74.47,73.57,75.74
187.3879976272583,77.22,74.23,73.76,75.45
187.57478594779968,77.4,74.04,73.87,75.45
187.74683475494385,77.51,73.96,73.97,75.34
187.96045064926147,77.22,74.25,73.67,75.45
188.132226228714,77.32,74.15,73.76,75.36
188.30228972434998,77.12,75.52,73.57,75.65
188.4756247997284,77.99,74.36,73.87,75.25
188.6457109451294,77.22,73.96,73.78,75.45
188.83733487129211,77.22,74.26,73.57,75.25
189.00708270072937,77.12,74.45,73.87,75.45
189.17713046073914,77.61,74.15,73.87,75.45
189.34776496887207,76.83,74.04,73.87,75.36
189.56031847000122,76.73,74.04,73.86,75.55
189.75791430473328,76.73,73.86,73.57,75.36
189.9295530319214,76.83,74.26,73.7,75.44
190.11913466453552,76.53,74.34,73.67,75.45
190.31140208244324,76.83,74.44,73.67,76.23
190.50128030776978,77.22,74.25,74.16,75.36
190.6736557483673,76.93,74.06,73.67,75.45
190.8618004322052,76.83,74.15,73.78,75.15
191.03396153450012,76.73,74.44,73.67,75.65
191.20277738571167,76.93,74.36,73.97,75.45
191.37610363960266,76.83,74.06,73.78,75.34
191.56460547447205,76.73,74.14,74.65,75.45
191.75465273857117,76.72,74.06,73.67,75.44
191.924738407135,76.73,74.34,73.47,75.55
192.09901809692383,76.83,74.05,73.87,75.34
192.2714695930481,76.64,74.26,73.57,75.45
192.44094061851501,76.53,74.44,73.78,75.55
192.61023378372192,77.22,73.94,73.96,75.45
192.78195786476135,76.83,74.26,73.67,75.45
192.9510374069214,76.73,74.36,73.8,75.34
193.1233139038086,76.83,74.34,73.68,75.55
193.29214477539062,76.73,74.36,73.76,75.34
193.46412706375122,77.12,74.06,74.07,75.25
193.6864356994629,76.73,74.34,73.59,75.44
193.90012121200562,76.83,74.26,73.76,75.45
194.0685043334961,76.53,74.36,73.58,75.25
194.25532150268555,76.73,74.45,73.78,75.36
194.42923712730408,76.64,74.25,73.57,75.55
194.61423444747925,77.12,74.26,74.07,75.36
194.7907679080963,76.83,74.17,73.78,75.25
194.9597156047821,76.53,74.34,73.47,75.45
195.14604806900024,76.73,74.17,73.68,75.25
195.36688470840454,76.53,74.25,73.76,75.45
195.55655646324158,76.73,74.04,73.67,75.45
195.74380326271057,76.64,74.26,73.68,75.65
195.917156457901,77.12,74.25,73.99,75.45
196.0883984565735,76.53,74.25,73.7,75.34
196.25881099700928,76.64,74.54,73.67,76.43
196.42867851257324,77.11,74.26,73.87,75.44
196.59964966773987,76.54,74.34,74.55,75.55
196.77717089653015,76.73,74.25,73.67,75.34
196.96883869171143,76.62,74.26,73.57,75.55
197.1420726776123,76.73,74.66,73.57,75.74
197.33045840263367,77.03,74.26,74.07,75.45
197.50468492507935,76.93,74.15,73.76,75.45
197.6929030418396,76.83,74.15,73.68,75.45
197.86553764343262,76.73,74.26,73.87,75.84
198.03481364250183,77.69,74.17,73.67,75.45
198.20686984062195,76.64,74.26,73.7,75.55
198.37550234794617,76.73,74.14,73.76,75.44
198.56831312179565,76.73,75.33,73.76,75.55
198.74226093292236,76.73,74.06,73.8,75.45
198.91187167167664,78.2,74.36,73.76,75.55
199.09159779548645,76.64,74.17,73.87,75.34
199.25966429710388,76.83,74.44,73.59,75.94
199.4341127872467,76.73,74.26,73.76,75.54
199.62311577796936,76.83,74.26,73.97,75.55
199.79487371444702,76.73,74.36,73.57,75.34
199.9633810520172,76.73,74.37,73.57,75.65
200.13256883621216,76.83,74.46,73.76,75.45
200.30296087265015,76.73,74.36,73.67,75.55
200.47701334953308,76.83,74.36,73.57,75.45
200.68655133247375,76.83,74.26,73.7,75.55
200.87235021591187,76.73,74.25,73.57,75.45
201.057190656662,76.73,75.43,73.97,75.74
201.23243689537048,76.83,74.14,73.86,75.55
201.42552423477173,76.73,74.04,74.07,75.55
201.61123657226562,76.53,74.23,73.67,75.55
201.78517985343933,76.83,74.67,73.76,75.54
201.95536351203918,76.64,74.44,73.57,75.74
202.1457121372223,76.93,74.26,73.97,75.45
202.31478548049927,76.73,74.36,73.67,75.65
202.48723769187927,76.73,74.55,73.76,75.84
202.65590238571167,76.93,74.25,73.78,75.44
202.83036351203918,76.72,74.25,74.46,75.55
202.99984693527222,76.73,74.26,73.78,75.65
203.17199897766113,76.73,74.36,73.78,75.65
203.34238195419312,76.83,74.36,73.87,75.55
203.51350331306458,76.73,74.34,73.86,75.65
203.7039234638214,76.64,74.15,73.76,75.55
203.8745882511139,76.73,74.25,73.57,75.74
204.04615783691406,76.93,74.26,73.96,75.65
204.21735644340515,76.73,74.36,73.67,75.55
204.40653133392334,76.93,74.36,73.86,75.34
204.57671809196472,76.73,74.44,73.58,75.65
204.74980092048645,76.93,74.34,73.87,75.45
204.9181249141693,77.32,74.25,74.07,75.44
205.1323492527008,76.64,74.47,73.67,75.45
205.30708527565002,76.83,74.15,73.86,75.74
205.47812485694885,76.83,75.63,73.87,75.55
205.65196752548218,77.02,74.26,73.86,75.34
205.8406858444214,76.93,74.26,73.88,75.55
206.02579545974731,76.83,74.36,73.89,75.55
206.19683837890625,76.73,74.57,73.67,75.84
206.36779260635376,77.03,74.36,74.16,75.54
206.5436146259308,76.83,73.67,73.67,75.65
206.71416330337524,76.54,73.76,73.76,75.34
206.90982270240784,76.73,73.76,73.67,75.65
207.0801568031311,76.64,73.96,73.76,75.65
207.26297616958618,76.73,73.75,73.78,75.84
207.45703864097595,76.64,73.96,73.87,75.54
207.66448211669922,76.93,73.67,73.68,76.52
207.85534644126892,76.83,73.67,73.97,75.45
208.02376627922058,76.64,73.67,73.66,75.65
208.1997230052948,76.93,73.96,73.78,75.55
208.37089800834656,76.73,73.85,73.67,75.74
208.56208062171936,77.22,73.76,74.26,75.45
208.75370931625366,76.72,73.67,73.57,75.74
208.92349457740784,76.83,73.67,73.78,75.55
209.09605956077576,76.73,73.96,73.86,75.74
209.28317284584045,77.12,73.67,73.97,75.55
209.45264077186584,76.93,73.85,73.58,75.65
209.62648916244507,76.64,73.76,73.78,75.65
209.82273387908936,76.83,73.85,73.78,76.04
209.98808312416077,77.71,73.76,73.97,75.44
210.1596622467041,76.83,73.76,73.87,75.65
210.33175611495972,76.64,73.86,73.79,75.55
210.520991563797,76.83,73.76,73.67,75.84
210.69344115257263,304.52,74.69,73.96,76.57
210.8707287311554,151.14,73.76,73.97,75.55
211.04027199745178,77.61,73.76,73.86,75.65
211.21155405044556,77.32,73.76,73.78,75.74
211.37987637519836,77.61,73.57,73.96,75.65
211.5648636817932,77.12,73.67,74.26,75.65
211.7381227016449,76.93,73.76,73.99,75.55
211.907705783844,77.22,73.67,73.68,75.84
212.0788381099701,77.59,73.57,73.86,75.65
212.24887084960938,76.93,73.67,73.76,75.65
212.42019534111023,77.12,73.76,73.76,75.55
212.60267996788025,77.41,73.86,74.36,75.55
212.77781867980957,76.93,73.57,73.76,75.55
212.94500589370728,77.02,73.76,73.76,75.65
213.12944507598877,77.02,74.07,73.78,75.94
213.30102825164795,77.32,73.76,73.87,75.55
213.47526383399963,77.02,73.76,74.16,75.65
213.64769458770752,77.12,73.76,73.97,75.55
213.8370451927185,76.83,73.86,73.58,76.04
214.00615859031677,77.9,73.76,74.07,75.65
214.17688751220703,77.03,73.76,74.75,75.65
214.34821128845215,77.02,73.67,73.68,75.84
214.5192310810089,76.93,73.85,73.86,75.55
214.6897964477539,77.8,73.67,73.87,75.74
214.86024236679077,76.93,73.57,73.97,75.55
215.02892994880676,76.83,73.96,73.67,75.84
215.1994035243988,77.02,73.76,74.16,75.74
215.36881637573242,77.12,73.76,74.08,75.74
215.5757176876068,76.93,73.76,73.76,75.55
215.7503170967102,76.93,73.57,73.86,75.65
215.94163942337036,77.12,73.47,73.78,75.65
216.12882781028748,76.83,73.86,73.76,75.84
216.2982895374298,77.03,73.67,73.97,75.65
216.46932816505432,77.03,73.86,73.99,75.74
216.63813734054565,77.03,74.26,73.87,75.65
216.80571818351746,77.12,73.76,73.96,75.65
216.9812994003296,78.01,73.57,73.99,75.55
217.1922583580017,77.03,73.67,74.07,75.74
217.38135933876038,76.93,73.76,73.58,75.74
217.546644449234,76.83,74.06,73.89,75.84
217.71942830085754,77.12,73.67,74.07,75.74
217.88747668266296,77.02,73.86,73.97,75.65
218.0559742450714,76.83,73.57,73.96,76.04
218.22582697868347,77.32,73.57,73.99,75.74
218.39935445785522,76.93,73.76,74.05,75.65
218.56767964363098,77.03,73.75,73.78,75.65
218.7387888431549,76.93,73.76,73.76,75.94
218.92806148529053,76.93,73.65,73.79,75.65
219.13352751731873,76.93,74.06,73.86,75.74
219.31459140777588,77.02,74.15,73.78,76.13
219.52977061271667,76.83,74.04,73.86,75.84
219.71365880966187,77.02,73.76,73.87,75.55
219.88419127464294,76.93,73.55,73.67,75.74
220.05537128448486,76.73,73.96,73.78,75.65
220.22744131088257,77.22,73.86,74.26,75.65
220.3969612121582,76.93,73.85,73.86,75.74
220.56820797920227,76.83,73.67,73.7,75.55
220.740642786026,77.22,74.75,73.97,75.55
220.9114601612091,77.22,73.75,74.07,75.65
221.1008186340332,77.22,73.57,74.07,75.44
221.30743217468262,77.22,73.67,73.97,75.74
221.4986765384674,77.02,73.76,74.36,75.55
221.71404838562012,77.02,73.96,73.76,75.74
221.92273926734924,78.2,73.76,73.97,75.65
222.0945544242859,76.93,73.67,73.78,75.55
222.26453804969788,76.83,73.86,73.97,76.23
222.43662929534912,77.02,73.57,74.46,75.65
222.60781598091125,77.02,73.67,74.07,75.65
222.80677962303162,78.2,73.76,74.16,75.74
223.00143384933472,76.73,73.67,74.75,75.74
223.18752074241638,76.93,73.57,74.07,75.65
223.35586071014404,76.73,73.86,73.97,75.55
223.5308175086975,77.12,73.86,74.07,75.15
223.70314478874207,77.03,73.76,73.97,75.15
223.89258813858032,76.73,73.76,73.87,75.15
224.08486199378967,76.93,73.86,73.86,74.95
224.254629611969,77.03,74.57,73.86,75.15
224.42592215538025,76.93,73.85,73.87,75.25
224.63754963874817,77.03,73.65,73.86,75.05
224.81993341445923,77.02,73.67,73.97,75.36
225.01240420341492,298.22,73.78,74.36,75.07
225.22440242767334,307.36,73.8,74.07,74.99
225.41514921188354,265.26,73.7,73.87,75.21
225.59337854385376,309.99,73.96,73.97,75.31
225.8175346851349,305.36,73.72,73.85,75.21
225.99830794334412,297.74,73.7,73.76,75.08
226.19790863990784,297.14,73.91,73.97,74.99
226.40933227539062,296.14,73.72,73.87,75.2
226.58216166496277,290.39,73.81,73.87,75.21
226.7833068370819,296.53,73.73,73.87,75.21
226.97515082359314,297.33,73.81,73.97,75.0
227.1469190120697,267.96,73.69,73.87,75.02
227.32407021522522,310.12,73.65,74.16,75.11
227.5322620868683,307.22,73.62,74.26,74.92
227.72831320762634,293.83,74.01,74.07,75.39
227.9061095714569,300.55,73.81,73.78,75.21
228.0782721042633,297.42,73.94,73.97,75.29
228.27740669250488,297.87,73.62,73.76,75.2
228.49173951148987,299.76,73.91,73.97,75.1
228.69975113868713,286.6,73.72,73.76,75.01
228.90995168685913,304.74,73.72,74.05,74.9
229.11721801757812,287.15,73.64,73.96,75.4
229.3255739212036,299.59,73.62,73.94,75.21
229.501779794693,301.13,73.91,74.07,75.61
229.6758418083191,319.1,74.1,73.76,75.1
229.86050868034363,302.43,73.72,74.26,75.18
230.04153418540955,289.02,73.89,73.76,75.18
230.25862455368042,323.64,74.0,74.16,75.87
230.48347353935242,278.63,74.34,73.76,75.29
230.68155336380005,223.91,74.68,74.07,75.42
230.86971139907837,298.01,73.82,74.26,75.0
231.04574394226074,275.85,73.64,73.97,75.21
231.2197299003601,307.28,73.7,73.97,75.1
231.4087142944336,313.5,73.89,74.05,75.5
231.58700966835022,330.09,74.88,73.86,75.39
231.7858829498291,299.02,74.01,73.86,75.08
231.9631757736206,298.18,73.91,73.87,75.2
232.17553567886353,291.77,73.73,74.26,74.9
232.34792804718018,303.35,74.21,74.16,75.0
232.52598404884338,299.96,73.72,73.96,75.1
232.7144844532013,298.0,73.81,75.25,75.11
232.93115973472595,298.1,73.8,73.76,75.1
233.13023805618286,321.81,73.99,74.07,75.2
233.32562136650085,323.87,73.7,73.97,75.29
233.4989824295044,282.04,74.03,74.16,75.31
233.67361855506897,290.1,74.48,74.07,75.31
233.8850884437561,290.01,73.86,74.16,75.2
234.07607579231262,298.58,73.93,73.96,75.32
234.28386759757996,293.49,73.92,74.15,74.92
234.45931482315063,302.56,73.8,74.07,75.11
234.65649724006653,302.3,73.88,74.15,75.21
234.83684945106506,325.85,73.88,73.96,75.2
235.02288842201233,332.8,73.8,74.07,75.18
235.22485733032227,332.82,74.02,73.87,75.29
235.42737126350403,330.46,73.78,74.07,75.1
235.62948894500732,328.41,73.76,74.46,75.22
235.84420013427734,298.25,73.83,74.26,75.02
236.02246642112732,301.87,73.72,73.85,75.42
236.19730424880981,280.44,73.81,74.25,75.11
236.3735909461975,301.51,74.2,74.05,75.4
236.5882728099823,292.35,74.41,74.46,75.31
236.78205060958862,300.16,73.52,73.97,75.4
236.99495601654053,302.09,73.83,74.16,75.02
237.19088220596313,323.57,73.89,74.16,75.2
237.37039518356323,329.46,73.85,74.07,75.0
237.54969096183777,332.23,73.78,74.25,75.11
237.75844597816467,295.67,73.85,74.26,75.21
237.97516536712646,305.51,73.98,74.16,75.18
238.19744658470154,221.35,73.92,74.16,75.11
238.37899446487427,261.09,73.99,74.16,75.5
238.59944438934326,306.65,74.28,74.65,75.28
238.80076146125793,306.64,73.91,74.26,74.92
238.97736740112305,295.2,73.73,74.26,75.11
239.16922211647034,298.56,74.02,74.93,75.11
239.35985159873962,301.79,73.91,74.07,75.31
239.55389308929443,297.13,73.7,74.16,75.01
239.7620701789856,292.94,73.89,74.26,75.21
239.9818959236145,292.95,73.99,74.07,75.21
240.15785264968872,235.38,73.88,74.07,75.29
240.34310626983643,291.27,74.01,73.97,75.2
240.5482177734375,294.98,73.91,73.97,75.39
240.72562646865845,296.25,73.96,74.16,75.21
240.90921258926392,293.2,74.32,73.85,75.4
241.1173689365387,303.52,73.83,74.16,75.51
241.32971668243408,298.12,74.02,73.87,75.69
241.5165581703186,304.9,73.91,74.55,75.21
241.69277024269104,287.38,73.7,74.16,75.1
241.8810772895813,297.41,73.78,74.36,75.1
242.09574699401855,296.68,73.83,74.36,75.2
242.2915484905243,306.26,73.69,74.16,75.01
242.4848313331604,310.29,74.05,74.36,75.25
242.68430948257446,338.57,74.0,74.07,75.9
242.90694665908813,335.73,74.1,74.15,75.42
243.12492299079895,303.02,73.54,74.07,75.1
243.29815459251404,303.64,73.99,74.07,75.29
243.47640657424927,298.76,73.81,74.07,75.0
243.6658227443695,299.07,73.91,73.97,75.29
243.83959078788757,304.82,74.12,74.16,75.0
244.01613879203796,305.02,73.97,74.26,74.92
244.2039394378662,332.81,74.12,74.26,75.02
244.4059863090515,346.26,74.1,74.25,75.31
244.61763191223145,326.39,74.49,74.07,75.29
244.83066296577454,264.12,73.98,74.36,75.01
245.0121545791626,298.36,74.02,74.26,75.21
245.19082069396973,295.19,73.81,74.07,75.32
245.4099988937378,291.95,73.73,74.16,75.2
245.58809685707092,290.88,74.02,74.07,75.11
245.77798867225647,303.71,73.81,74.16,75.0
245.97137451171875,338.99,74.09,74.05,75.2
246.18742203712463,320.34,73.78,74.26,75.18
246.3886203765869,276.14,73.93,73.97,75.1
246.57521033287048,163.39,74.18,74.16,75.42
246.7526822090149,237.34,74.14,74.07,75.42
246.94262146949768,301.75,74.31,74.16,75.32
247.1377785205841,303.37,73.89,74.26,75.31
247.31973099708557,317.87,73.98,74.16,75.11
247.49663925170898,333.59,73.88,74.26,75.19
247.68485951423645,339.04,73.88,74.26,75.08
247.87797617912292,301.61,74.04,74.07,75.29
248.07176065444946,275.38,74.28,74.25,75.2
248.2477068901062,307.63,74.15,74.25,76.19
248.43169498443604,290.3,73.94,74.34,75.32
248.64509797096252,291.57,74.1,74.25,75.2
248.82792472839355,283.94,73.7,74.46,75.19
249.04066276550293,321.99,73.88,74.46,75.21
249.2243242263794,325.23,73.89,74.26,75.18
249.41618967056274,333.2,73.89,74.16,75.18
249.58875131607056,335.11,73.67,73.86,74.99
249.80014538764954,280.92,73.99,73.97,75.31
249.97407341003418,219.01,74.02,74.15,75.11
250.1707479953766,239.41,73.82,74.07,75.42
250.3709831237793,270.95,73.8,74.16,75.2
250.5839273929596,305.18,74.21,73.86,75.0
250.77331018447876,303.18,74.5,73.97,75.29
250.95918822288513,325.11,74.01,74.07,75.19
251.15552926063538,334.95,74.12,74.15,75.1
251.36332654953003,342.03,74.31,74.26,75.1
251.54104471206665,293.18,74.05,74.46,75.13
251.73353123664856,156.92,73.6,74.16,75.21
251.9073359966278,293.62,74.01,73.97,75.1
252.08681201934814,287.28,74.39,74.16,75.51
252.26107096672058,300.53,74.09,74.16,75.1
252.4372034072876,304.29,74.09,74.16,75.1
252.62557244300842,334.92,73.85,73.86,75.18
252.81340312957764,339.22,73.96,74.16,75.1
253.02355551719666,326.95,74.04,74.26,75.12
253.20564246177673,303.03,74.0,74.07,75.51
253.38631916046143,291.67,73.99,73.96,75.19
253.5848548412323,292.75,74.41,74.65,75.29
253.7669975757599,295.24,74.2,74.15,75.0
253.9689359664917,291.73,73.91,74.26,75.18
254.1494119167328,314.19,73.93,73.57,75.1
254.33472442626953,335.32,74.18,73.67,75.0
254.53042030334473,345.93,74.04,73.47,75.32
254.7312605381012,317.3,74.1,74.46,74.92
254.9282910823822,248.72,73.91,73.37,75.11
255.12198734283447,293.25,74.02,73.47,75.31
255.3030867576599,299.55,74.21,73.47,75.5
255.48173904418945,295.48,73.83,73.47,75.21
255.69618844985962,291.34,74.21,73.28,75.48
255.88643860816956,295.81,74.33,73.57,75.11
256.07980036735535,322.57,73.91,73.37,75.5
256.29821848869324,340.33,73.91,73.57,75.21
256.52065110206604,325.17,74.0,73.47,75.32
256.7004473209381,256.03,73.88,73.28,75.19
256.9233729839325,294.75,74.21,73.57,75.11
257.1989252567291,296.84,74.21,73.47,75.18
257.39115166664124,297.98,74.31,73.47,75.31
257.5861475467682,309.68,74.69,73.47,75.19
257.7832028865814,330.05,74.02,73.57,75.5
257.9951605796814,329.82,74.0,73.37,75.11
258.17263746261597,336.36,73.89,73.75,75.31
258.35801339149475,283.57,73.91,73.67,74.91
258.5648629665375,171.67,74.41,73.66,75.1
258.76398062705994,248.36,74.12,73.47,75.1
258.96725368499756,291.46,74.02,73.57,75.21
259.14754843711853,297.82,73.99,73.67,75.4
259.35207295417786,297.06,74.01,73.67,75.1
259.5697326660156,336.17,74.2,73.78,75.1
259.7577142715454,330.94,74.18,73.47,75.1
259.9561650753021,319.58,73.88,73.46,75.21
260.1514081954956,284.51,74.18,73.37,75.08
260.33943009376526,183.89,74.23,73.37,75.85
260.51888704299927,243.58,73.97,74.16,75.1
260.681161403656,299.74,73.89,73.65,75.3
260.86751341819763,309.5,74.12,73.46,75.2
261.03488874435425,319.09,74.29,73.47,75.21
261.2081995010376,333.57,74.09,73.36,75.2
261.4009675979614,289.43,74.13,73.76,75.0
261.57847714424133,301.02,73.82,73.67,75.0
261.77749824523926,291.17,74.21,73.47,75.11
261.9516432285309,286.08,73.93,73.57,75.11
262.16638374328613,291.93,74.21,73.47,75.11
262.3625154495239,296.49,74.01,73.76,75.31
262.5780882835388,315.73,74.09,73.57,75.21
262.7779097557068,329.6,74.18,73.57,75.31
262.95194602012634,329.87,74.09,73.57,75.28
263.14517617225647,279.38,73.94,73.37,75.16
263.34724950790405,189.82,74.07,73.37,75.87
263.53149795532227,243.83,74.04,73.57,75.63
263.7348692417145,299.35,74.1,73.36,75.42
263.9356436729431,301.16,74.21,73.67,75.4
264.1149501800537,316.58,74.18,73.75,75.0
264.29380321502686,342.85,73.98,73.67,75.21
264.4811029434204,330.16,73.98,73.37,75.2
264.6606595516205,320.98,74.25,73.47,75.18
264.84195041656494,293.01,74.15,73.36,75.2
265.0129771232605,287.2,74.12,73.46,75.11
265.19508481025696,298.56,74.01,73.76,75.21
265.38832354545593,290.86,73.99,73.47,75.21
265.58223366737366,311.65,74.09,73.57,75.32
265.7775626182556,322.19,74.09,73.87,75.08
265.9741516113281,328.51,73.98,73.37,75.18
266.1472852230072,286.13,74.34,73.37,75.16
266.32263946533203,299.55,74.26,73.47,75.39
266.51988911628723,302.04,74.14,74.07,75.2
266.7109682559967,294.66,73.91,73.37,75.11
266.9038414955139,311.13,74.2,73.67,75.19
267.09075593948364,300.58,73.88,73.37,75.11
267.26664566993713,314.22,73.88,73.47,76.16
267.44484639167786,300.75,74.22,73.57,76.05
267.6177628040314,300.42,74.09,73.97,75.29
267.8141293525696,294.97,74.12,73.47,75.39
267.9941382408142,297.4,74.01,73.37,75.21
268.18728494644165,288.75,74.1,73.28,75.1
268.379230260849,292.65,73.98,73.55,75.21
268.5738401412964,301.27,74.07,73.47,75.21
268.7508463859558,321.55,74.09,73.57,75.19
268.97165751457214,331.44,74.15,74.26,74.97
269.1860628128052,326.67,73.86,73.57,75.31
269.40098118782043,304.22,73.93,73.57,75.02
269.5958707332611,174.32,74.97,73.75,75.21
269.8158836364746,241.54,74.04,73.57,75.12
269.99571466445923,303.45,73.91,73.47,75.28
270.1766231060028,293.12,74.1,73.47,75.1
270.38602566719055,299.66,74.02,73.37,75.01
270.5787398815155,331.44,74.21,73.47,75.4
270.7554359436035,333.56,74.23,73.18,75.39
270.9478847980499,318.22,74.21,73.47,75.21
271.14435744285583,231.07,73.91,73.46,75.21
271.3139169216156,233.01,74.21,73.28,75.21
271.49009561538696,270.07,73.83,73.37,75.0
271.6943666934967,286.84,73.83,73.37,75.0
271.8654100894928,297.54,74.01,73.28,75.18
272.04021096229553,326.4,73.92,73.68,75.2
272.23660016059875,340.43,75.78,73.76,75.2
272.42996048927307,324.49,74.01,73.47,75.31
272.6069121360779,295.66,73.7,73.37,75.21
272.7889914512634,307.01,73.72,73.37,75.28
272.96455574035645,291.64,73.72,73.28,75.29
273.17829394340515,292.19,73.8,73.47,75.0
273.37169313430786,291.12,74.02,73.47,75.29
273.59345507621765,311.43,73.35,73.37,75.31
273.7734069824219,326.09,73.54,73.47,75.3
273.9538605213165,323.29,73.72,73.36,75.79
274.1468856334686,280.08,73.49,73.28,75.0
274.3582384586334,221.5,73.49,73.67,74.89
274.5391888618469,231.67,73.33,73.57,75.02
274.72214555740356,303.37,73.43,73.37,75.19
274.90303230285645,298.65,73.25,73.37,75.2
275.09988260269165,315.71,73.43,73.37,75.21
275.275794506073,335.25,73.91,73.37,75.31
275.4694347381592,343.95,73.72,73.37,75.2
275.66735577583313,328.98,73.6,73.67,75.11
275.8470730781555,319.11,73.54,73.36,75.1
276.0246295928955,295.49,73.44,73.57,75.31
276.199325799942,290.88,73.43,73.28,75.09
276.37647438049316,303.27,73.72,73.28,75.29
276.56861996650696,293.74,73.44,73.87,75.18
276.7426121234894,295.97,73.33,73.67,75.39
276.961012840271,313.56,73.44,73.47,75.11
277.1521911621094,294.63,73.41,73.28,75.2
277.33142828941345,302.91,73.41,73.57,75.11
277.51055884361267,303.26,73.14,73.17,75.1
277.7116677761078,298.67,73.35,73.67,75.18
277.8926820755005,294.23,73.7,73.28,75.11
278.0767710208893,295.67,73.41,73.76,75.18
278.2464737892151,242.66,73.18,73.37,75.1
278.44124937057495,292.68,73.36,73.67,75.2
278.6293911933899,312.03,73.43,73.47,75.11
278.839994430542,297.09,73.14,73.28,75.21
279.01822900772095,288.14,73.14,73.57,75.0
279.20976519584656,297.1,73.43,73.47,75.4
279.38184785842896,294.22,73.6,73.28,75.69
279.5717158317566,257.98,73.51,73.57,75.08
279.7525873184204,214.79,73.1,73.28,74.99
279.9242000579834,265.21,73.47,73.47,75.32
280.1017653942108,304.7,73.52,73.28,75.22
280.29291009902954,288.29,73.51,73.46,75.21
280.4744772911072,286.92,73.23,73.47,74.99
280.6884286403656,295.2,74.21,73.37,75.58
280.8776614665985,314.07,73.31,73.47,75.18
281.05229353904724,245.67,73.43,73.76,75.16
281.26691913604736,223.76,74.21,73.67,75.06
281.4662592411041,275.42,73.44,73.47,75.21
281.6492614746094,316.22,73.41,73.37,75.31
281.83350944519043,294.6,73.52,73.47,75.21
282.02128744125366,302.95,73.33,73.37,75.5
282.2108726501465,298.11,73.52,73.28,75.78
282.3838903903961,314.64,73.52,73.57,75.08
282.577029466629,225.38,73.71,73.67,75.0
282.7741401195526,238.46,73.26,73.67,75.02
282.9678752422333,280.5,73.41,73.57,75.32
283.1679513454437,299.42,73.43,73.37,75.11
283.3444502353668,298.56,73.52,73.28,75.1
283.52442264556885,291.05,73.43,73.47,75.31
283.7123336791992,328.6,73.83,73.47,75.1
283.89201259613037,329.17,73.35,73.57,75.17
284.08456468582153,285.02,73.5,73.47,74.89
284.2647647857666,185.09,73.36,73.57,75.21
284.43815636634827,259.89,73.12,73.46,75.01
284.61418747901917,295.02,73.72,74.26,75.1
284.79504108428955,296.64,73.52,73.47,75.02
284.986695766449,314.21,73.39,73.36,75.11
285.1657919883728,336.02,73.49,73.26,75.08
285.3398494720459,320.65,73.26,73.28,75.08
285.54408621788025,285.9,73.36,73.28,75.31
285.73186469078064,292.21,73.64,73.37,74.92
285.909291267395,294.38,73.62,73.87,74.91
286.0850760936737,290.87,73.41,73.47,75.22
286.27074337005615,310.07,73.2,73.47,75.1
286.47121119499207,325.13,73.31,73.57,75.0
286.6649043560028,340.05,73.35,73.28,75.21
286.844206571579,297.19,73.41,73.37,75.16
287.0199191570282,299.14,73.46,73.28,75.11
287.27671813964844,159.34,73.52,73.86,75.03
287.49651432037354,235.68,73.23,73.26,75.11
287.66572427749634,300.07,73.62,73.47,75.1
287.8737304210663,291.03,73.33,73.37,75.2
288.05958104133606,315.01,73.23,73.47,75.11
288.2311177253723,280.72,73.25,73.28,75.11
288.4468574523926,328.12,73.81,73.28,75.21
288.62521386146545,322.7,73.8,73.47,75.12
288.80313658714294,219.69,73.43,73.57,75.11
288.99814653396606,225.49,73.59,73.17,75.11
289.2090218067169,305.35,73.41,73.57,75.1
289.387099981308,290.09,73.44,73.76,74.92
289.6060290336609,292.35,73.21,73.57,75.1
289.789021730423,296.33,73.23,73.57,74.92
289.9707086086273,322.49,73.44,73.28,75.31
290.15013098716736,273.76,73.43,73.18,75.51
290.34901905059814,198.01,73.69,73.47,74.71
290.5240683555603,249.62,74.68,73.76,74.53
290.70512795448303,307.01,73.51,73.47,74.32
290.9179985523224,308.16,73.65,73.37,74.6
291.1244947910309,298.41,73.31,73.57,74.61
291.3000257015228,290.64,73.25,73.18,74.53
291.4788637161255,299.45,73.43,73.47,74.72
291.67663311958313,291.24,73.41,73.37,74.5
291.8533730506897,203.91,73.49,73.47,74.5
292.0282988548279,242.02,73.49,73.28,74.81
292.2393567562103,292.99,73.49,73.76,74.52
292.4169991016388,300.93,73.39,73.87,74.5
292.61072993278503,303.24,73.52,73.67,74.32
292.80341696739197,323.25,73.62,73.37,74.5
292.98242473602295,340.16,73.43,73.37,74.5
293.16284012794495,331.42,73.51,73.47,74.63
293.3376145362854,288.29,73.49,73.57,74.52
293.51415753364563,160.2,73.21,73.67,74.6
293.71031498908997,254.01,73.23,73.57,74.61
293.9075162410736,295.3,73.52,73.67,74.61
294.1142246723175,302.42,73.33,73.47,74.63
294.309353351593,321.44,73.31,73.37,74.53
294.4886164665222,332.98,73.33,73.37,74.5
294.67930722236633,345.29,73.21,73.46,74.42
294.87681818008423,313.65,73.39,73.36,74.92
295.0641007423401,175.44,73.69,73.47,74.61
295.2422065734863,238.23,73.36,73.68,74.52
295.4257493019104,303.18,73.33,73.57,74.32
295.61678743362427,298.73,73.33,73.28,74.53
295.79347109794617,320.36,73.52,73.37,74.63
295.96757769584656,330.09,73.52,73.57,74.45
296.14128708839417,337.83,73.49,73.46,74.63
296.35585355758667,257.74,73.59,73.57,74.43
296.533878326416,217.52,73.43,73.67,74.5
296.7212221622467,302.03,73.04,73.57,74.53
296.9179410934448,301.95,73.52,73.47,74.5
297.1028778553009,324.04,73.52,73.47,74.43
297.3011643886566,326.18,73.41,73.36,75.11
297.4821479320526,336.26,73.3,73.46,74.52
297.7047173976898,272.52,73.41,73.28,74.63
297.8955111503601,179.85,73.44,73.37,74.58
298.06826663017273,254.77,73.36,73.28,74.5
298.26677227020264,311.17,73.33,73.68,74.41
298.4417383670807,317.15,73.33,73.78,74.53
298.6297197341919,328.9,73.2,73.47,74.32
298.80606627464294,335.41,73.39,73.37,74.72
298.9877281188965,318.68,73.78,73.37,74.41
299.1637930870056,286.15,73.52,73.37,74.6
299.3626902103424,294.95,73.41,73.57,74.53
299.5418028831482,296.86,73.43,73.65,74.42
299.7304928302765,287.59,73.54,73.45,74.52
299.9326705932617,297.2,73.35,73.37,74.41
300.1124622821808,328.91,73.41,73.55,74.41
300.30074405670166,340.15,73.49,73.37,74.41
300.49432349205017,340.33,73.39,73.57,74.91
300.6969048976898,292.56,73.46,73.37,74.53
300.87645196914673,168.26,73.98,73.47,74.71
301.0689082145691,249.28,73.23,73.26,74.32
301.2797644138336,293.22,73.52,73.57,74.41
301.461177110672,298.87,73.7,73.47,74.41
301.672402381897,298.48,74.12,73.67,74.9
301.8681435585022,331.2,73.22,73.68,74.42
302.0490074157715,337.41,73.89,73.67,74.52
302.24760270118713,262.2,73.5,73.47,74.39
302.4221248626709,193.04,73.35,73.26,74.6
302.6181447505951,253.17,73.52,73.67,74.47
302.80833649635315,298.65,73.72,73.37,74.72
302.97966623306274,293.61,73.43,73.76,74.42
303.1614315509796,310.17,73.3,73.57,74.72
303.3389813899994,321.42,73.41,73.57,74.61
303.51276683807373,344.18,73.36,73.47,74.58
303.713947057724,310.69,73.18,73.47,74.52
303.9375398159027,218.3,73.26,73.57,74.5
304.15123176574707,242.05,73.63,73.57,74.34
304.35291743278503,280.14,73.59,73.76,74.42
304.5668194293976,299.2,73.63,73.57,74.41
304.74770426750183,297.53,73.62,73.47,74.6
304.9167332649231,331.23,73.33,73.47,74.51
305.09328508377075,337.84,73.25,73.57,74.49
305.270916223526,308.44,73.54,73.67,74.5
305.4655954837799,219.29,73.52,73.57,74.43
305.6564335823059,222.16,73.78,73.46,74.5
305.87343168258667,298.41,73.43,73.47,74.41
306.0534110069275,307.45,73.33,73.67,74.32
306.26507353782654,292.42,73.43,73.37,74.6
306.44225239753723,290.69,73.43,73.57,74.42
306.6401243209839,295.94,73.62,73.37,74.71
306.8169946670532,263.53,73.52,73.47,74.63
306.99253845214844,196.51,73.39,73.47,74.52
307.20777130126953,267.23,73.49,73.47,74.49
307.38788962364197,304.76,73.59,73.57,74.31
307.58806014060974,302.84,73.91,73.87,74.32
307.77022647857666,291.23,73.94,73.37,74.61
307.970742225647,297.87,73.23,73.78,74.43
308.16972613334656,301.38,73.43,73.57,74.52
308.3624517917633,291.13,73.62,73.57,74.42
308.5769872665405,289.09,73.39,73.67,74.61
308.7664122581482,300.56,73.25,73.37,74.4
308.9602119922638,309.36,73.39,73.37,74.71
309.14723682403564,300.4,73.35,73.65,74.61
309.3316569328308,291.07,73.51,73.47,74.72
309.5126793384552,303.7,73.23,73.67,74.63
309.7326261997223,295.73,73.52,73.37,74.63
309.91054344177246,303.95,73.62,73.57,74.42
310.1085410118103,290.45,73.41,73.57,74.63
310.3009262084961,304.39,73.62,73.78,74.41
310.4935917854309,328.21,73.51,74.07,74.52
310.68173456192017,348.59,73.23,73.46,74.44
310.8751628398895,295.07,73.33,73.57,74.42
311.05463886260986,287.21,73.52,73.57,74.82
311.2280533313751,297.98,73.43,73.47,74.82
311.4208633899689,301.55,73.7,73.57,74.81
311.60862970352173,321.32,73.92,73.78,74.49
311.79850816726685,339.66,73.41,73.57,74.42
311.9828782081604,293.96,73.23,73.47,74.53
312.15931272506714,298.3,73.5,73.57,74.63
312.3396384716034,299.95,73.62,73.47,74.89
312.53303384780884,287.09,73.43,73.47,74.69
312.72495770454407,290.46,73.31,73.87,74.39
312.902649641037,249.77,73.28,73.57,74.39
313.0780951976776,298.14,73.36,73.47,74.63
313.2740912437439,301.5,73.41,73.46,74.34
313.4562449455261,305.34,73.24,73.46,74.63
313.64553451538086,307.25,73.51,73.57,74.52
313.8573136329651,306.62,73.33,73.57,74.82
314.04736709594727,298.17,73.81,73.37,74.21
314.2214210033417,307.08,73.62,73.68,74.29
314.41446709632874,303.79,73.91,73.68,74.5
314.6109161376953,329.38,73.69,73.85,74.55
314.81237530708313,298.06,73.49,73.65,74.63
315.0118706226349,285.8,73.47,73.75,74.43
315.2028715610504,286.1,73.64,73.67,74.52
315.4168303012848,302.45,73.59,73.76,74.52
315.60431003570557,298.47,73.52,73.57,74.21
315.78056478500366,295.13,73.52,73.28,74.41
315.96862292289734,298.66,73.31,73.28,74.42
316.14237332344055,333.95,73.49,73.46,75.4
316.3272247314453,340.42,73.49,73.47,74.9
316.5286965370178,305.11,73.47,73.86,75.08
316.72995042800903,298.45,73.49,73.76,74.53
316.9153428077698,293.65,73.44,73.87,74.52
317.1141290664673,286.37,73.62,74.72,74.5
317.2930006980896,300.78,73.4,73.37,74.5
317.50817942619324,327.52,73.28,73.67,74.42
317.70651745796204,350.58,73.49,73.36,74.5
317.9043118953705,352.0,73.44,73.57,74.29
318.106281042099,298.97,73.36,73.47,74.6
318.2858953475952,161.36,73.64,73.57,75.21
318.46828985214233,247.1,73.21,73.28,74.72
318.6582326889038,305.17,73.33,73.57,74.41
318.87186098098755,290.79,73.52,73.47,74.5
319.05071926116943,321.14,73.62,73.47,74.6
319.2440650463104,344.56,73.6,73.47,74.41
319.4346935749054,311.33,73.43,73.76,74.31
319.6334881782532,180.7,73.42,73.47,74.42
319.8074688911438,235.68,73.49,73.73,74.32
320.0247037410736,303.54,73.52,74.15,74.29
320.2060570716858,306.17,73.43,73.67,74.51
320.42214488983154,301.05,73.52,73.57,74.61
320.6229510307312,312.9,73.41,73.65,74.31
320.8200190067291,297.42,73.52,73.47,74.31
320.9968156814575,293.22,73.41,73.28,74.41
321.21212911605835,299.64,73.49,72.97,74.42
321.4077093601227,303.43,73.67,72.97,74.31
321.60290026664734,330.84,73.36,72.78,74.58
321.7908275127411,294.54,73.56,72.88,74.69
321.96921396255493,285.65,73.73,72.87,74.63
322.16422724723816,297.41,73.6,73.28,74.53
322.35668206214905,299.21,73.41,73.07,74.5
322.5486602783203,297.46,73.83,72.88,74.53
322.7619650363922,287.35,73.62,72.97,74.32
322.9599235057831,302.25,73.8,72.97,74.52
323.160715341568,326.06,73.62,73.18,74.41
323.33950114250183,345.8,73.44,72.86,74.21
323.5176408290863,304.14,73.43,72.96,74.54
323.6941738128662,294.16,73.5,72.88,74.5
323.88871598243713,290.56,73.83,72.89,74.5
324.06954550743103,291.07,73.31,73.07,74.42
324.25601959228516,294.42,73.43,72.97,74.5
324.4457926750183,321.9,73.58,72.87,74.49
324.6194636821747,294.02,73.44,73.17,74.42
324.79830980300903,285.23,73.31,72.88,74.72
325.00339818000793,297.6,73.33,72.98,74.63
325.1827163696289,297.88,73.62,72.88,74.43
325.37965726852417,298.41,73.33,72.88,75.0
325.5913531780243,293.85,74.21,73.47,74.43
325.7728052139282,326.96,73.62,73.08,74.49
325.9643642902374,341.08,73.62,73.26,74.22
326.1544201374054,330.83,73.69,72.87,74.42
326.37455224990845,230.13,73.39,72.67,74.92
326.5969829559326,234.8,73.6,72.78,74.41
326.8100290298462,295.93,73.47,72.79,74.79
327.00133061408997,292.82,73.54,72.96,74.6
327.19367718696594,298.98,73.6,72.88,74.42
327.40506982803345,284.94,73.89,72.76,74.64
327.5776023864746,291.12,73.41,73.37,74.52
327.7668423652649,289.43,73.33,72.97,74.42
327.9602782726288,192.26,73.49,73.17,74.31
328.1415455341339,249.1,73.44,72.87,74.61
328.31556129455566,294.15,73.67,72.88,74.52
328.50013971328735,306.12,73.53,73.08,74.61
328.69657373428345,293.36,73.91,72.87,74.42
328.879118680954,290.58,73.92,72.97,74.5
329.0826165676117,294.18,73.73,72.78,74.72
329.299437046051,287.45,73.62,72.88,74.71
329.49026703834534,283.65,73.51,73.17,74.42
329.6690261363983,248.28,73.67,72.88,74.29
329.84859347343445,292.85,73.62,73.18,74.42
330.07001543045044,325.89,73.8,73.07,74.46
330.271053314209,294.61,73.6,72.87,74.42
330.44742703437805,287.88,73.7,72.87,74.6
330.6173400878906,284.84,74.12,72.97,74.4
330.79654836654663,298.3,73.51,73.08,74.49
330.9753828048706,199.26,73.62,73.07,74.39
331.1727337837219,262.73,73.26,73.28,74.31
331.35141158103943,300.67,73.8,72.78,74.32
331.54915404319763,294.92,73.43,72.78,74.52
331.7302496433258,285.76,73.52,72.68,74.31
331.90324997901917,296.44,73.72,72.97,75.48
332.09882640838623,314.2,74.7,73.08,74.31
332.27711725234985,239.49,73.57,72.88,74.6
332.4655075073242,210.02,73.46,72.87,74.41
332.66491532325745,304.43,73.32,72.88,74.54
332.86338114738464,311.41,73.24,73.55,74.32
333.0624179840088,294.16,73.44,72.68,74.5
333.2667133808136,294.17,73.62,72.98,74.22
333.46489238739014,300.92,73.53,72.68,74.61
333.65497612953186,296.05,73.6,72.88,74.63
333.82914662361145,287.05,73.52,72.88,74.6
334.04132103919983,300.71,73.39,72.88,74.82
334.23243975639343,332.7,73.59,72.96,74.63
334.4266438484192,338.32,73.41,72.78,74.41
334.61673069000244,301.46,74.17,73.87,74.6
334.81284832954407,283.6,73.76,73.07,74.5
334.988055229187,298.08,73.83,72.78,74.41
335.205872297287,292.88,73.51,72.97,74.42
335.3785297870636,291.17,73.52,72.97,74.63
335.59817123413086,325.3,73.72,73.47,74.42
335.79497838020325,339.65,73.49,73.57,74.39
335.9710237979889,338.77,73.35,73.47,74.49
336.1743640899658,278.26,73.65,72.97,74.29
336.37366580963135,192.3,73.44,72.87,74.52
336.5755121707916,259.38,73.43,73.07,74.52
336.7775797843933,305.96,73.63,72.97,74.5
336.98770403862,304.23,73.43,72.88,74.41
337.1627151966095,317.8,73.62,72.68,74.69
337.3385736942291,348.91,73.6,72.78,74.9
337.5363998413086,335.94,73.52,72.88,74.41
337.7261788845062,284.29,73.33,72.88,74.61
337.9406011104584,195.29,73.7,72.87,74.54
338.1193392276764,270.96,73.4,72.88,74.52
338.333792924881,301.94,73.59,73.07,74.31
338.51662492752075,288.88,73.75,72.78,74.5
338.73031759262085,299.16,73.94,72.88,74.52
338.92427825927734,292.92,73.52,72.97,74.42
339.1182596683502,294.44,73.43,72.89,74.42
339.31167697906494,287.03,74.69,73.17,74.42
339.5092263221741,300.12,75.18,73.07,74.32
339.7097442150116,316.16,73.33,72.88,74.49
339.88667464256287,329.94,73.46,72.87,74.42
340.0795929431915,291.69,73.57,72.88,74.79
340.25614881515503,296.3,73.91,72.87,74.43
340.4365396499634,295.06,73.13,72.76,74.41
340.62302470207214,297.43,73.13,73.26,74.41
340.81752252578735,296.72,72.81,72.88,74.72
341.003116607666,288.43,72.91,72.88,74.6
341.1790452003479,319.88,72.76,72.87,74.68
341.3781387805939,334.31,72.77,73.97,74.29
341.59387159347534,294.68,72.86,72.78,74.41
341.76997590065,303.83,72.75,72.78,74.64
341.96084117889404,296.73,73.04,72.88,74.21
342.1377274990082,291.93,73.81,72.98,74.42
342.31880021095276,296.98,72.91,72.68,74.31
342.4938654899597,298.52,72.87,72.78,74.49
342.6931223869324,293.28,72.67,72.88,74.5
342.88154578208923,289.36,72.96,72.76,74.7
343.06636214256287,294.54,73.04,72.97,75.31
343.2464461326599,288.59,74.11,72.97,74.22
343.4238831996918,294.86,72.9,72.97,74.53
343.6156368255615,295.3,72.91,73.07,74.52
343.81075048446655,256.08,73.02,72.78,74.39
343.9866056442261,306.6,72.8,72.88,74.6
344.15979385375977,306.84,72.97,72.86,74.5
344.33385276794434,298.03,73.31,72.97,74.43
344.52961444854736,300.67,73.04,73.07,74.52
344.71638321876526,331.57,72.81,72.88,74.52
344.89412450790405,249.04,72.91,72.86,74.61
345.0908844470978,233.78,73.02,72.78,74.5
345.28352427482605,288.6,73.12,72.88,74.6
345.4606065750122,298.01,73.07,73.26,74.53
345.6396234035492,294.54,73.02,73.17,74.42
345.8380968570709,294.55,73.62,73.17,74.39
346.03484416007996,331.44,73.01,72.97,74.42
346.21199011802673,290.55,72.91,73.57,74.5
346.41460967063904,178.69,72.82,72.88,74.6
346.6136293411255,264.89,72.76,72.97,74.49
346.8030104637146,313.85,72.97,72.88,74.5
346.98062205314636,291.21,72.74,72.97,74.63
347.1888768672943,286.92,72.72,72.96,74.42
347.3854069709778,294.38,72.81,72.68,74.61
347.5735366344452,295.65,73.83,72.88,74.52
347.76584696769714,304.55,73.23,73.07,74.5
347.95225071907043,292.33,72.86,73.08,74.42
348.1488473415375,298.98,73.23,73.07,74.6
348.35736632347107,324.34,73.12,73.07,74.35
348.55717873573303,333.74,72.99,73.37,74.53
348.75480031967163,314.66,73.1,72.87,74.52
348.97435212135315,245.54,73.21,72.88,74.4
349.17287158966064,236.82,74.09,73.08,74.41
349.3475785255432,297.98,73.04,72.86,74.52
349.53778648376465,297.37,72.73,72.88,74.61
349.71531987190247,321.63,73.13,72.97,74.61
349.8929409980774,329.36,73.39,72.86,74.52
350.06779980659485,297.73,74.09,73.08,74.31
350.2509322166443,298.4,72.93,73.07,74.42
350.45672273635864,300.54,73.12,73.07,74.52
350.65427136421204,292.69,72.56,73.07,74.42
350.84792280197144,300.2,72.94,72.98,74.63
351.04071974754333,301.02,72.94,72.97,74.52
351.2219476699829,332.69,73.01,72.86,74.42
351.43225359916687,332.14,72.81,72.88,74.61
351.6238782405853,271.32,72.97,72.97,74.79
351.80443477630615,216.68,72.68,72.98,74.71
352.0052008628845,288.97,73.32,72.88,74.52
352.1909291744232,310.04,72.94,73.36,74.41
352.3671782016754,322.31,73.01,72.98,74.52
352.5472595691681,339.82,74.0,73.26,74.52
352.76202297210693,334.52,72.92,72.88,74.42
352.9355797767639,272.14,73.04,72.97,74.49
353.13611793518066,216.58,72.96,72.68,74.79
353.3183898925781,258.84,72.81,72.87,74.63
353.4909875392914,282.37,73.12,73.37,74.43
353.67103815078735,298.95,73.01,72.89,74.61
353.85098123550415,311.98,73.12,72.78,74.31
354.0321662425995,324.44,72.91,73.07,74.63
354.2121801376343,288.48,73.07,72.87,74.43
354.3912205696106,294.35,73.0,72.97,74.43
354.5811803340912,300.57,73.04,73.47,74.41
354.7747149467468,296.89,74.01,73.06,74.33
354.9682002067566,304.05,73.01,72.88,74.41
355.16018867492676,322.2,72.91,72.97,74.63
355.3484034538269,331.43,72.78,72.78,74.52
355.5407054424286,321.48,73.17,72.97,74.77
355.7221553325653,289.99,73.26,72.86,74.43
355.89472365379333,285.3,73.04,72.86,74.53
356.06787180900574,300.15,72.81,73.07,74.22
356.25685143470764,299.44,73.1,72.97,74.52
356.435720205307,320.55,72.8,72.87,74.61
356.6301736831665,330.64,72.73,72.88,74.71
356.82683873176575,332.84,72.99,72.87,74.41
357.04498195648193,302.05,72.75,72.96,74.61
357.2284789085388,295.27,72.72,72.87,74.52
357.42315316200256,292.19,73.13,72.97,74.13
357.61875200271606,304.77,72.85,72.87,74.21
357.83166766166687,301.06,73.41,72.87,74.21
358.01134276390076,325.11,73.31,72.88,74.02
358.20549964904785,343.49,73.23,72.88,73.91
358.41689014434814,322.73,73.05,72.78,73.92
358.612744808197,241.36,73.78,72.87,73.91
358.81511306762695,250.45,73.01,73.28,73.82
358.99426531791687,267.87,73.1,73.28,73.92
359.18864488601685,306.57,72.86,73.18,73.63
359.3793067932129,297.44,72.94,73.07,74.03
359.57419753074646,296.83,72.94,72.97,73.81
359.7690632343292,296.04,72.84,73.65,74.03
359.96420764923096,331.13,73.04,72.97,74.03
360.14301562309265,218.56,73.1,72.97,74.22
360.3394236564636,228.83,73.01,73.07,74.03
360.51021909713745,286.43,73.99,73.28,73.92
360.69492983818054,308.81,73.02,72.97,74.02
360.87263083457947,295.77,73.06,72.88,73.93
361.0636487007141,329.67,72.94,72.97,74.22
361.235698223114,331.81,73.04,72.97,74.32
361.45101737976074,281.37,73.1,72.97,73.92
361.62516951560974,197.46,72.7,72.88,74.03
361.8379707336426,264.76,72.92,72.98,73.73
362.011123418808,301.75,72.97,72.87,73.92
362.2076470851898,291.14,73.04,73.07,74.03
362.38290429115295,274.71,73.04,73.07,73.84
362.5964689254761,290.34,72.93,73.47,73.93
362.775586605072,320.26,72.82,72.78,73.73
362.96474981307983,239.01,72.91,72.97,74.31
363.15480375289917,232.38,73.1,72.87,73.92
363.3562994003296,290.04,73.36,72.97,74.1
363.5400159358978,303.53,73.18,72.87,73.62
363.74145674705505,298.79,72.94,73.07,73.93
363.9220380783081,282.0,72.84,73.18,74.03
364.09620237350464,331.61,73.01,73.17,73.81
364.28451561927795,277.64,73.2,72.78,74.03
364.4781243801117,197.84,72.91,72.97,74.13
364.6771261692047,263.39,72.85,72.88,74.11
364.8525011539459,302.53,73.17,73.08,74.1
365.04453563690186,298.8,73.17,72.97,73.93
365.22425150871277,288.17,73.04,73.18,73.93
365.4021451473236,281.53,73.04,73.08,74.02
365.6021203994751,303.36,73.23,73.28,73.71
365.81780457496643,293.71,73.1,73.07,74.11
366.00484681129456,295.89,73.13,73.37,73.92
366.22571420669556,300.22,72.97,73.18,73.81
366.41350078582764,317.45,72.84,73.08,73.93
366.62747502326965,338.76,73.2,73.37,73.93
366.8287377357483,291.83,73.04,72.86,73.92
367.0041284561157,302.31,73.02,72.87,74.03
367.1788058280945,292.36,73.13,72.97,74.02
367.35365080833435,305.92,73.02,72.97,73.92
367.5404613018036,294.1,73.33,73.47,73.63
367.73880219459534,325.01,73.14,72.97,74.02
367.9565465450287,338.48,73.2,73.18,73.73
368.1345934867859,344.67,73.1,72.98,73.92
368.3472716808319,315.53,73.1,73.08,73.73
368.5445318222046,298.53,72.91,73.28,73.92
368.7194228172302,290.11,73.12,73.15,73.73
368.91251945495605,295.35,73.04,72.78,73.84
369.1571304798126,295.28,73.05,73.37,73.82
369.3323254585266,334.62,73.1,72.98,74.03
369.52009630203247,343.86,73.11,73.28,73.82
369.71640515327454,328.06,73.1,73.08,74.23
369.88414335250854,296.55,73.12,73.08,73.7
370.06396484375,288.96,72.91,73.07,74.02
370.22725009918213,250.41,73.35,72.97,73.71
370.44658732414246,297.96,73.23,73.18,74.02
370.6470160484314,292.62,73.81,72.98,73.92
370.8611493110657,332.77,72.91,73.28,73.92
371.03580927848816,344.01,73.01,73.87,73.93
371.21230387687683,334.32,72.91,72.97,74.22
371.3944480419159,239.31,73.12,72.97,73.84
371.61625576019287,234.12,73.15,73.07,74.11
371.798921585083,264.72,73.13,72.87,74.03
371.9738824367523,294.33,73.04,73.17,74.13
372.18273639678955,289.79,73.04,73.17,73.82
372.37512850761414,276.88,73.15,72.97,74.4
372.5669560432434,341.47,73.33,73.07,74.02
372.76594519615173,294.98,73.14,72.97,73.92
372.97582817077637,213.49,73.14,72.97,73.82
373.16416335105896,294.6,73.52,73.17,73.91
373.37781524658203,306.84,73.01,72.96,74.11
373.58747148513794,320.84,72.99,73.07,74.03
373.781357049942,297.48,73.11,73.08,73.91
373.9622452259064,295.55,73.12,73.28,73.92
374.1638035774231,295.07,73.36,73.26,73.93
374.35286378860474,292.86,73.41,73.07,74.02
374.56465673446655,296.1,74.2,73.67,73.73
374.754239320755,296.85,72.91,73.18,74.03
374.9514937400818,327.55,73.18,72.87,73.82
375.1285970211029,340.1,73.14,72.97,74.19
375.30713748931885,286.67,73.3,73.17,74.1
375.4869635105133,298.46,73.15,73.28,73.91
375.66454672813416,298.71,73.6,73.26,73.93
375.85832834243774,285.21,73.21,73.07,73.82
376.0321373939514,296.99,72.91,73.08,74.23
376.2060067653656,293.17,73.01,73.07,74.03
376.400027513504,335.79,73.04,73.07,74.11
376.6152174472809,295.61,73.8,73.08,73.9
376.798677444458,308.98,72.85,73.15,74.21
377.01650762557983,258.74,72.73,72.87,74.03
377.23028683662415,295.44,73.04,73.17,74.03
377.4045777320862,294.44,72.96,72.88,74.22
377.6022939682007,303.32,73.31,73.28,74.03
377.79958629608154,312.1,73.25,73.18,73.81
377.9721779823303,347.96,73.21,73.47,73.92
378.1631875038147,333.17,73.03,73.08,73.92
378.34037494659424,287.81,73.23,72.97,74.82
378.5130515098572,296.48,73.13,73.07,74.21
378.7063970565796,288.65,73.04,72.97,73.92
378.9049701690674,298.99,73.02,73.18,74.02
379.0830020904541,326.3,73.33,73.28,73.7
379.2775728702545,335.29,73.15,73.18,73.82
379.45266366004944,341.76,72.84,73.28,73.82
379.66898918151855,273.03,73.3,73.17,73.93
379.8916337490082,203.79,72.93,73.28,73.93
380.07254242897034,245.65,73.12,73.08,73.92
380.27123069763184,299.41,73.13,74.26,73.93
380.4531500339508,300.87,73.03,73.26,73.71
380.6651327610016,290.74,73.14,73.28,73.93
380.85579228401184,340.13,73.14,73.08,73.84
381.0442740917206,335.82,73.21,73.17,74.03
381.2187674045563,241.73,73.1,73.28,73.82
381.39870405197144,212.15,73.3,73.18,74.02
381.595552444458,254.45,73.14,73.37,73.81
381.78814673423767,299.74,73.13,73.28,73.74
381.96941924095154,294.17,73.14,73.18,73.82
382.144428730011,321.33,73.12,72.98,74.23
382.3329277038574,349.01,72.91,73.17,74.22
382.52192068099976,334.69,73.39,73.08,74.71
382.7116343975067,284.72,73.39,73.28,73.81
382.90349650382996,191.41,73.23,73.07,74.02
383.12409949302673,245.19,73.21,73.28,73.93
383.3069715499878,308.26,73.05,73.17,74.03
383.50547885894775,291.01,73.31,73.17,74.03
383.7162449359894,298.64,73.21,73.28,73.81
383.909875869751,341.76,73.3,73.17,73.93
384.0876224040985,307.04,72.82,73.18,74.03
384.26121497154236,196.58,73.08,73.08,74.0
384.45074915885925,236.39,73.17,73.06,74.19
384.64261507987976,309.72,73.43,73.18,73.93
384.84449219703674,303.05,72.75,73.06,74.32
385.050874710083,285.68,73.43,73.08,73.81
385.2268168926239,289.88,73.22,73.07,75.31
385.4231173992157,290.77,73.43,73.08,73.82
385.6157898902893,265.35,73.62,73.57,74.0
385.8188192844391,213.89,73.99,73.18,73.9
386.0002920627594,255.81,73.21,73.37,73.92
386.2027142047882,302.82,73.02,74.26,74.03
386.3819489479065,286.41,73.04,73.28,74.02
386.58997535705566,287.58,73.12,73.47,73.92
386.8096013069153,297.42,73.04,73.28,73.92
386.99164056777954,96.44,73.07,72.97,73.87
387.16756558418274,97.92,73.07,73.08,73.97
387.3658802509308,95.76,73.16,73.18,74.74
387.5493085384369,95.06,73.16,73.08,73.86
387.73807072639465,95.36,72.96,73.18,74.26
387.9475061893463,95.06,73.26,73.08,73.97
388.1157305240631,94.76,73.16,72.68,73.76
388.2870202064514,94.96,73.26,72.58,74.84
388.45619225502014,94.57,73.16,72.49,74.07
388.62714672088623,94.57,73.46,72.87,73.76
388.81733560562134,94.47,73.07,72.68,73.97
388.9931626319885,94.57,73.07,72.58,73.87
389.16822504997253,94.47,73.26,72.58,74.07
389.3383357524872,94.28,73.16,72.38,74.16
389.55258440971375,94.18,73.26,73.28,73.97
389.7245259284973,94.07,73.16,72.58,73.87
389.8949875831604,93.97,73.16,72.68,74.16
390.0628697872162,93.88,73.55,72.49,73.97
390.23522329330444,93.78,73.16,72.78,73.76
390.4034614562988,93.68,73.16,73.18,73.97
390.59658789634705,93.39,73.16,72.58,74.07
390.78314995765686,93.49,73.26,72.49,73.76
390.972065448761,94.08,73.26,72.38,74.07
391.15949535369873,92.8,73.26,72.58,73.87
391.3482098579407,92.75,73.26,72.78,73.86
391.5204770565033,92.42,73.16,72.68,73.97
391.7053270339966,92.7,73.07,72.58,73.76
391.876256942749,92.72,73.55,72.49,75.13
392.04854011535645,92.3,73.26,72.88,73.97
392.22064185142517,92.39,73.26,72.49,74.07
392.3917889595032,92.3,73.07,72.58,73.87
392.58438372612,92.4,73.16,72.38,74.16
392.75711822509766,92.1,73.55,72.68,73.87
392.9473638534546,92.32,73.16,72.68,73.77
393.1152186393738,91.93,73.26,72.6,74.07
393.2876126766205,92.25,73.26,72.39,74.16
393.45783495903015,91.93,73.16,72.97,74.07
393.6307008266449,92.05,73.07,72.47,73.97
393.80209398269653,92.05,73.16,72.58,74.07
393.97195863723755,91.86,73.36,72.58,73.86
394.1442246437073,91.86,73.36,72.68,73.97
394.3135995864868,92.05,73.16,72.68,74.16
394.48484992980957,91.76,73.26,72.58,74.15
394.69266057014465,91.28,73.26,72.47,73.87
394.90439891815186,91.57,73.16,72.58,74.16
395.088782787323,91.57,73.46,72.39,74.76
395.2622938156128,91.47,73.26,72.78,74.07
395.43579053878784,91.17,73.36,72.47,73.97
395.6072871685028,91.47,73.26,72.5,73.97
395.77977108955383,91.28,73.46,72.7,74.07
395.9502251148224,91.19,73.36,72.68,73.97
396.1260139942169,91.07,73.38,72.58,73.86
396.3233964443207,92.91,73.36,72.58,74.07
396.4948766231537,92.34,73.65,72.47,74.84
396.6702764034271,92.03,73.75,72.47,73.97
396.8679451942444,91.76,73.55,72.68,75.43
397.05546045303345,90.78,73.36,73.07,73.97
397.25140166282654,90.49,73.26,75.23,74.07
397.42584323883057,91.28,73.65,75.44,74.66
397.60081481933594,94.86,73.55,72.87,74.07
398.3785524368286,93.61,73.15,72.47,74.55
398.59271216392517,93.51,73.26,72.58,74.07
398.7870662212372,93.51,73.46,72.78,73.87
398.9558320045471,93.29,73.36,72.89,73.86
399.1458613872528,93.32,73.26,72.57,73.97
399.3151445388794,93.36,73.38,72.62,55.07
399.48745226860046,93.36,73.38,61.3,54.77
399.663290977478,93.26,55.46,54.29,54.79
399.8905258178711,93.26,53.88,53.61,54.79
400.0700418949127,90.1,53.49,53.51,54.5
